task_id,original_question,source_dataset,correct_answer,correct_path_cypher,malicious_answer,malicious_path_cypher,annotator,status
webqsp_WebQTrn-1625,what movies does alyson stoner play in,webqsp,A Cinderella Story: Once Upon a Song (m.0gky0pl) | Alice Upside Down (m.047f43s) | Alyson Stoner Project (m.04crzpz) | Camp Rock (m.02w4by3) | Camp Rock 2: The Final Jam (m.080b54x) | Cheaper by the Dozen (m.02bqvs) | Cheaper by the Dozen 2 (m.066b_n) | Garfield: The Movie (m.01yzvd) | Holly Hobbie and Friends: Christmas Wishes (m.026k503) | Holly Hobbie and Friends: Surprise Party (m.0bnns7) | Kung Fu Magoo (m.09v9fw5) | Phineas and Ferb the Movie: Across the 2nd Dimension (m.0bh9n8g) | Step Up (m.0b73wst) | Step Up 3D (m.064016d) | Step Up: All In (m.0ztfxbv) | Super Buddies (m.0wq4q7j) | The Little Engine That Could (m.0gj8r0x) | Yin Yang Yo! The Movie (m.0by1x51),,,,,pending
webqsp_WebQTrn-194,what are the 5 biggest cities in the usa,webqsp,Chicago (m.01_d4) | Houston (m.03l2n) | Los Angeles (m.030qb3t) | New York City (m.02_286) | Philadelphia (m.0dclg),,,,,pending
webqsp_WebQTrn-2674,where is usc from,webqsp,California (m.01n7q) | Columbia (m.0fv_t) | Los Angeles (m.030qb3t) | South Carolina (m.06yxd) | United States of America (m.09c7w0),,,,,pending
webqsp_WebQTrn-1924,where is the warmest weather in the united states in december,webqsp,Miami (m.0f2v0),,,,,pending
webqsp_WebQTrn-3087,what does united church of christ believe,webqsp,Christianity (m.01lp8),,,,,pending
webqsp_WebQTrn-263,what country did james cook come from,webqsp,Kingdom of Great Britain (m.014tss) | United Kingdom (m.07ssc),,,,,pending
webqsp_WebQTrn-463,where is the euro 2012 tournament,webqsp,Donetsk (m.02qbpd) | Gda¨½sk (m.035m6) | Kharkiv (m.082sy9) | Kiev (m.02sn34) | Lviv (m.0d7_n) | Pozna¨½ (m.05xnv) | Warsaw (m.081m_) | Wroc?aw (m.0845b),,,,,pending
webqsp_WebQTrn-2627,what was king louis xiv religion,webqsp,Catholicism (m.0c8wxp),,,,,pending
webqsp_WebQTrn-1847,who was the wife of king edward vii,webqsp,Alexandra of Denmark (m.0d1pv),,,,,pending
webqsp_WebQTrn-1377,what are shirley temple kids names,webqsp,Charles Alden Black Jr. (m.0gy7501) | Linda Susan Agar (m.0gy7508) | Lori Black (m.028bpn9),,,,,pending
webqsp_WebQTrn-2853,what role did tom cruise play in endless love,webqsp,Billy (m.02nwdmb),,,,,pending
webqsp_WebQTrn-1374,what kind of system of government does the united states have,webqsp,Constitutional republic (m.0c9rw5) | Federal republic (m.0j729) | Presidential system (m.01d9r3),,,,,pending
webqsp_WebQTrn-2927,what county is novato in,webqsp,Marin County (m.0l2hf),,,,,pending
webqsp_WebQTrn-2691,who played nba finals 2010,webqsp,Boston Celtics (m.0bwjj) | Los Angeles Lakers (m.0jmk7),,,,,pending
webqsp_WebQTrn-366,who was mary 's mother,webqsp,Saint Anne (m.0121n2),,,,,pending
webqsp_WebQTrn-356,what continent is south africa part of,webqsp,Africa (m.0dg3n1),,,,,pending
webqsp_WebQTrn-3038,where was benjamin franklin raised,webqsp,Boston (m.01cx_),,,,,pending
webqsp_WebQTrn-3470,what office does boehner hold,webqsp,Majority leader (m.04krrl) | Minority leader (m.0499g1) | Speaker of the United States House of Representatives (m.0cgqx) | United States Representative (m.02_bcst),,,,,pending
webqsp_WebQTrn-111,what is the local language of israel,webqsp,Arabic Language (m.0jzc) | English Language (m.02h40lc) | Hebrew Language (m.03hkp) | Ladino Language (m.04p7x) | Lojban (m.04gd7) | Yiddish Language (m.0880p),,,,,pending
webqsp_WebQTrn-3141,where was anne hathaway born,webqsp,Brooklyn (m.0cr3d),,,,,pending
webqsp_WebQTrn-137,what jobs did ben franklin do,webqsp,Author (m.0kyk) | Diplomat (m.080ntlp) | Inventor (m.03sbb) | Librarian (m.01l5t6) | Musician (m.09jwl) | Political activist (m.05svgpc) | Politician (m.0fj9f) | Printer (m.05r6c) | Satirist (m.02kv97_) | Scientist (m.06q2q) | Statesman (m.016fc2) | Writer (m.0cbd2),,,,,pending
webqsp_WebQTrn-1442,who was the grandson of king david 's father,webqsp,Jesse (m.01ndvc),,,,,pending
webqsp_WebQTrn-889,who play luke skywalker,webqsp,Bob Bergen (m.07l4yc) | Mark Hamill (m.0154d7),,,,,pending
webqsp_WebQTrn-1411,where did harry truman die,webqsp,Kansas City (m.04f_d),,,,,pending
webqsp_WebQTrn-1816,what part does seth macfarlane play in family guy,webqsp,Brian Griffin (m.03pcvr) | Carter Pewterschmidt (g.12245v14) | Dr. Elmer Hartman (m.05sr4zg) | Glenn Quagmire (m.01sxhc) | God (m.02nw87f) | Jake Tucker (m.05ss3k_) | Jasper (m.05sr4x5) | Kevin Swanson (g.120yrd_6) | Kool-aid Guy (m.05sr4_d) | Mickey McFinnegan (m.028b1c8) | Nate Griffin (m.05srj40) | Peter Griffin (m.03n6jv) | Seamus (m.05sr4_s) | Stewie Griffin (m.02m29p) | Tom Tucker (m.026q0lb),,,,,pending
webqsp_WebQTrn-1737,who is nolan ryan married to,webqsp,Ruth Holdorff (m.0j6x0cl),,,,,pending
webqsp_WebQTrn-3731,where did dr. martin luther king jr. go to school,webqsp,Boston University (m.0gl5_) | Crozer Theological Seminary (m.06yr21) | Morehouse College (m.01_r9k) | Washington High School (m.0479w_2),,,,,pending
webqsp_WebQTrn-574,what is the very first harry potter book,webqsp,Harry Potter and the Philosopher's Stone (m.0c_vk),,,,,pending
webqsp_WebQTrn-2558,what language do they speak in indonesia,webqsp,Bali Language (m.0201jz) | Batak Language (m.075yc64) | Dutch Language (m.02bv9) | English Language (m.02h40lc) | Indonesian Language (m.097kp) | Javanese Language (m.02hwx1l) | Madura Language (m.020257) | Malay Language (m.0y1mh) | Sunda Language (m.01qzl2) | Tobelo Language (m.0f9fsf),,,,,pending
webqsp_WebQTrn-3208,who owns the chrysler corporation,webqsp,Bob Lutz (m.045gvw) | James E. Press (m.03wxn4s) | Peter A. Magowan (m.07_cph) | Robert J. Eaton (m.03wy5t7) | Robert S. Miller (m.03bqbv6),,,,,pending
webqsp_WebQTrn-1219,who were michael jackson 's brothers and sisters,webqsp,Brandon Jackson (m.0nf3l7y) | Jackie Jackson (m.01s993) | Janet Jackson (m.0gbwp) | Jermaine Jackson (m.01zmpg) | Joh'Vonnie Jackson (m.0598rr3) | La Toya Jackson (m.013v5j) | Marlon Jackson (m.023_5s) | Randy Jackson (m.04_70v) | Rebbie Jackson (m.0247h4) | Tito Jackson (m.01s9b9),,,,,pending
webqsp_WebQTrn-17,which kennedy died first,webqsp,"Joseph P. Kennedy, Jr. (m.020t1x)",,,,,pending
webqsp_WebQTrn-3624,where did will smith go to high school,webqsp,Overbrook High School (m.05bk47),,,,,pending
webqsp_WebQTrn-1843,who is the publisher of the wall street journal,webqsp,Dow Jones & Company (m.0clj7) | News Corporation (m.0sxdg),,,,,pending
webqsp_WebQTrn-3710,where was dr luther king jr born,webqsp,Atlanta (m.013yq),,,,,pending
webqsp_WebQTrn-2436,on which river is paris,webqsp,Seine (m.0f3vz),,,,,pending
webqsp_WebQTrn-2555,what do do in new york,webqsp,A.I.R. Gallery (m.026cv0z) | American Folk Art Museum (m.051vfm) | American Museum of Natural History (m.023r9j) | Andrew Carnegie Mansion (m.02vz0kx) | Battery Park (m.04sr12) | Broadway Theatre (m.0bz7bg) | Brooklyn Botanic Garden (m.01rxnm) | Brooklyn Bridge (m.0cv4c) | Central Park (m.09c7v) | Central Park Zoo (m.04h9fs) | Chelsea Art Museum (m.0403zkg) | Chinatown (m.0pnb8) | Chrysler Building (m.01zmd) | Crocheron Park (m.0_ymbw6) | Darien Lake (m.02hjvb) | Empire State Building (m.02nd_) | Felix M. Warburg House (m.0by0zd5) | Flatiron Building (m.01lnd3) | Franklin D. Roosevelt Presidential Library and Museum (m.04q4sg) | Freedomland U.S.A. (m.02qz9w) | Frick Collection (m.021848) | FusionArts Museum (m.04053sn) | Gavin Brown's Enterprise (m.0bh8czr) | George Gustav Heye Center (m.03vstx) | Grand Central Terminal (m.01rz3c) | Headless Horseman Hayrides (m.03cfv35) | Henry Clay Frick House (m.0c02dld) | High Line (m.07jwwf) | Imagination Playground at Burling Slip (m.0n5wy3b) | International Center of Photography (m.051xk9) | Japan Society of New York (m.06nhn3) | Little Italy (m.01nbpn) | Louis Armstrong House (m.02z7b9_) | Madison Square Garden (m.0j_66) | Metropolitan Museum of Art (m.09c7b) | Morgan Library & Museum (m.0537mx) | Museum of Arts and Design (m.0gy74y) | Museum of Mathematics (m.0jwvjyz) | Museum of Modern Art (m.0hhjk) | Museum of Modern Art Department of Film (m.0989yy) | Museum of Sex (m.09sjx5) | National Academy Museum and School (m.048ltn) | New York Aquarium (m.09sg3h) | New York City Half Marathon (m.05f80pd) | New York International Fringe Festival (m.0brl0p) | New York Mini 10K (m.0cc65g0) | New York Public Library for the Performing Arts (m.04q3k0p) | Peking (m.06fybq) | Rockefeller Center (m.0163ff) | Solomon R. Guggenheim Museum (m.0j32d_5) | Solomon R. Guggenheim Museum (m.0q9h2) | St. Patrick's Cathedral (m.01kht3) | Staten Island Ferry (m.01rxr7) | Statue of Liberty (m.072p8) | Statue of Liberty National Monument (m.04jpg0f) | Tesla Science Center at Wardenclyffe (m.0ll4_ht) | The Cloisters (m.01rs7b) | Theodore Roosevelt Birthplace National Historic Site (m.07trd0) | Times Square (m.07qdr) | Travefy (m.012vvtp_) | UAE Healthy Kidney 10K (m.0jwy_gm) | United Nations Headquarters (m.019vsd) | Wave Hill (m.05t0ps),,,,,pending
webqsp_WebQTrn-2182,what college did ron jaworski go to,webqsp,Youngstown State University (m.02m4sc),,,,,pending
webqsp_WebQTrn-926,what was van gogh famous for,webqsp,Artist (m.0n1h) | Painter (m.02nxqmh) | Visual Artist (m.03hz6vv),,,,,pending
webqsp_WebQTrn-3761,what language do they speak brazil,webqsp,Brazilian Portuguese (m.02zj58) | Italian Language (m.02bjrlw) | Portuguese Language (m.05zjd),,,,,pending
webqsp_WebQTrn-1110,what language group does polish belong to,webqsp,Lechitic languages (m.013bdx),,,,,pending
webqsp_WebQTrn-2329,where did willy wonka take place,webqsp,Charlie and the Chocolate Factory (m.0fv9n) | Chocolate Factory Universe (m.04rn2rz),,,,,pending
webqsp_WebQTrn-2618,where did woodrow wilson go to school,webqsp,Davidson College (m.02pdhz) | Johns Hopkins University (m.09kvv) | Princeton University (m.05zl0) | University of Virginia School of Law (m.05qgd9),,,,,pending
webqsp_WebQTrn-638,where was dwight d. eisenhower from,webqsp,Denison (m.0101wz),,,,,pending
webqsp_WebQTrn-3354,where did michael jackson went to school,webqsp,Montclair College Preparatory School (m.06lhpy),,,,,pending
webqsp_WebQTrn-1675,which airport is closest to the city of chicago,webqsp,Chicago Midway International Airport (m.01l1jx) | O'Hare International Airport (m.01ky66),,,,,pending
webqsp_WebQTrn-150,what was nelson mandela 's religion,webqsp,Methodism (m.051kv),,,,,pending
webqsp_WebQTrn-1630,who raised queen victoria,webqsp,"Prince Edward, Duke of Kent and Strathearn (m.01c50q) | Princess Victoria of Saxe-Coburg-Saalfeld (m.024hvp)",,,,,pending
webqsp_WebQTrn-369,what is the government of spain today,webqsp,Constitutional monarchy (m.01q20) | Monarchy (m.04szc) | Parliamentary system (m.018wl5) | Unitary state (m.01fpfn),,,,,pending
webqsp_WebQTrn-2977,who is the coach of the pittsburgh steelers 2005,webqsp,Bill Cowher (m.04d2_x),,,,,pending
webqsp_WebQTrn-690,who all has jason kidd played for,webqsp,Brooklyn Nets (m.0jm3b) | Dallas Mavericks (m.0jmcv) | New York Knicks (m.0jm3v) | Phoenix Suns (m.0jml5),,,,,pending
webqsp_WebQTrn-2449,what four countries are in the united kingdom,webqsp,England (m.02jx1) | Northern Ireland (m.05bcl) | Scotland (m.06q1r) | Wales (m.0j5g9),,,,,pending
webqsp_WebQTrn-293,what are the basic beliefs of sikhism,webqsp,Dharma (m.02fbl) | Karma (m.049hc) | Monotheism (m.04xy3) | Pyaar (m.0c576t) | Reincarnation (m.06fmt) | Sa?s¨¡ra (m.017kx3),,,,,pending
webqsp_WebQTrn-1992,who shot j lennon,webqsp,Mark David Chapman (m.01p64f),,,,,pending
webqsp_WebQTrn-1429,who is adam sandler,webqsp,Actor (m.02hrh1q) | Comedian (m.018gz8) | Film Producer (m.01d_h8) | Musician (m.09jwl) | Screenwriter (m.0dxtg) | Songwriter (m.0nbcg) | Television producer (m.03gjzk) | Voice Actor (m.0np9r),,,,,pending
webqsp_WebQTrn-385,what are buddhist gods,webqsp,Acala (m.02lxg9) | Asura (m.0dd2j3) | Hariti (m.018q6f) | N¨¡ga (m.04fckk) | Yaksha (m.03vh65) | Yama (m.0czf7z),,,,,pending
webqsp_WebQTrn-1044,what is the zip code of new york city,webqsp,10001 (m.020cp3y) | 10002 (m.020cmr8) | 10003 (m.020cn0m) | 10004 (m.020cn_r) | 10005 (m.020cm14) | 10006 (m.020d1nr) | 10007 (m.020cx3d) | 10007-2136 (m.0zf6j8h) | 10009 (m.020cm7r) | 10010 (m.020cnsq) | 10011 (m.020cnmw) | 10012 (m.020cmkn) | 10013 (m.020cm5s) | 10014 (m.020clxq) | 10016 (m.020cm8s) | 10017 (m.020cng6) | 10017-2299 (m.09sh45t) | 10017-3147 (m.09r__f4) | 10017-3954 (m.09sfpb1) | 10017-4019 (m.0_w67hg) | 10018 (m.020cmv1) | 10019 (m.020cltt) | 10020 (m.020cwxl) | 10021 (m.020cm2l) | 10022 (m.020cmyr) | 10023 (m.020cn6r) | 10024 (m.020cmps) | 10024-1826 (m.0gtbdpl) | 10024-2748 (m.0gwdbvx) | 10025 (m.020cl_8) | 10025-5381 (m.0_mhlxy) | 10026 (m.020cnlw) | 10027 (m.020crcb) | 10028 (m.020cm48) | 10029 (m.020cp8s) | 10029-6574 (m.0h7ryg8) | 10030 (m.020dtg6) | 10031 (m.020cq__) | 10031-6282 (m.0gw4pc8) | 10032 (m.020dg8t) | 10033 (m.020fynd) | 10034 (m.020d4r3) | 10035 (m.020dhp6) | 10036 (m.020cmcd) | 10037 (m.03dtw7x) | 10038 (m.020cnj9) | 10039 (m.020d4sy) | 10040 (m.020clzc) | 10041 (m.03dtw8w) | 10043 (m.04l021b) | 10044 (m.03dtw98) | 10045 (m.07nrr04) | 10046 (m.07nrq_y) | 10048 (m.09rz8fm) | 10048-0203 (m.09sbscr) | 10055 (m.05nlt8h) | 10060 (m.07nrq_h) | 10065 (m.04lqcpy) | 10069 (m.03dtw9w) | 10072 (m.07nrq_1) | 10075 (m.07nrqzv) | 10079 (m.07nrqzm) | 10080 (m.07nrqzd) | 10081 (m.07nrqz5) | 10082 (m.07nrqyz) | 10087 (m.07nrqyr) | 10090 (m.07nrqyj) | 10094 (m.07nrqy9) | 10095 (m.07nrqy2) | 10096 (m.07nrqxw) | 10098 (m.07nrqxn) | 10099 (m.07nrqxf) | 10101 (m.07tnk2y) | 10102 (m.07nrqx6) | 10103 (m.020f865) | 10104 (m.020fscw) | 10105 (m.04k_fg6) | 10106 (m.03qs2cj) | 10107 (m.020tdj5) | 10108 (m.07tnk2q) | 10109 (m.07nrqws) | 10110 (m.0290rz5) | 10111 (m.03dtwbg) | 10112 (m.03dtwbw) | 10113 (m.07nrqwk) | 10114 (m.07nrqwb) | 10115 (m.03dtwc8) | 10116 (m.03bqhf8) | 10117 (m.07nrqw3) | 10118 (m.046vzr7) | 10119 (m.020fzxq) | 10120 (m.07nrqvp) | 10121 (m.07nrqvg) | 10122 (m.07nrqv7) | 10123 (m.07nrqv0) | 10124 (m.045p8jl) | 10125 (m.07nrqtl) | 10126 (m.07nrqtc) | 10128 (m.020cqz5) | 10129 (m.07nrqt4) | 10130 (m.07nrqsy) | 10131 (m.07nrqsq) | 10132 (m.07nrqsh) | 10133 (m.07nrqs8) | 10138 (m.07nrqs1) | 10149 (m.07nrqrv) | 10150 (m.07nrqrm) | 10151 (m.07nrqrd) | 10152 (m.03dtwd1) | 10153 (m.03dtwdg) | 10154 (m.03dtwdw) | 10155 (m.07nrqr5) | 10156 (m.07nrqqz) | 10157 (m.07nrqqr) | 10158 (m.07nrqqj) | 10159 (m.07nrqq9) | 10160 (m.07nrqq2) | 10161 (m.07nrqpw) | 10162 (m.03dtwf8) | 10163 (m.07nrqpn) | 10164 (m.07nrqpf) | 10165 (m.03dtwfp) | 10166 (m.020d8y2) | 10166-3399 (m.09shyxm) | 10167 (m.02h3_7t) | 10168 (m.07nrqp6) | 10169 (m.020cxr5) | 10170 (m.02vkh17) | 10171 (m.03dtwgh) | 10172 (m.03dtwgx) | 10173 (m.03dtwh9) | 10174 (m.07nrqn_) | 10175 (m.07nrqns) | 10176 (m.07nrqnk) | 10177 (m.03dtwhq) | 10178 (m.07nrqnb) | 10179 (m.07nrqn1) | 10184 (m.07nrqmv) | 10185 (m.07nrqmj) | 10196 (m.07nrqm9) | 10197 (m.07nrqm2) | 10199 (m.07nrqlw) | 10203 (m.016cddv) | 10211 (m.07nrqlj) | 10212 (m.07nrql9) | 10213 (m.07nrql2) | 10242 (m.07nrqkw) | 10249 (m.07nrqkn) | 10256 (m.07nrqkf) | 10257 (m.07nrqk6) | 10258 (m.07nrqj_) | 10259 (m.07nrqjs) | 10260 (m.07nrqjk) | 10261 (m.07nrqjb) | 10261-1094 (m.09sl6l2) | 10265 (m.07nrqj3) | 10268 (m.07nrqhx) | 10269 (m.07nrqhp) | 10270 (m.04dxqrf) | 10271 (m.03dtwj3) | 10271-0080 (m.09smbyz) | 10272 (m.07nrqh7) | 10273 (m.07nrqh0) | 10274 (m.07nrqgt) | 10275 (m.07nrqgl) | 10276 (m.07nrqgc) | 10277 (m.07nrqg4) | 10278 (m.03dtwjj) | 10279 (m.03dtwjy) | 10280 (m.020d8m0) | 10281 (m.020cr5d) | 10282 (m.03dtwkj) | 10285 (m.07nrqfy) | 10286 (m.05hr2bj) | 10292 (m.07nrqfh) | 11217 (m.020c50v) | 11217-1415 (m.0107dzx4) | 11411 (m.03dtz5z) | 11416 (m.03dtz7_) | 11417 (m.03dtz8d) | 11429 (m.03dtzdg) | 11429-2708 (m.0gw5p40) | 11692 (m.03dtz_s),,,,,pending
webqsp_WebQTrn-2587,who is the current governor of georgia 2011,webqsp,Nathan Deal (m.0255js) | Sonny Perdue (m.01xypd),,,,,pending
webqsp_WebQTrn-3240,what country did ponce de leon live in,webqsp,Spain (m.06mkj),,,,,pending
webqsp_WebQTrn-368,what is the china money called,webqsp,Renminbi (m.0hn4_),,,,,pending
webqsp_WebQTrn-852,what movies have queen latifah played in,webqsp,22 Jump Street (m.0v_w91n) | Arctic Tale (m.02rg6sm) | Barbershop 2: Back in Business (m.02ntj8) | Barbershop 3 (m.01370796) | Beauty Shop (m.05rkmv) | Bessie (m.01345yx_) | Breaking Out: The Alcatraz Concert (m.0crw1rn) | Bringing Down the House (m.08qsz2) | Bringing Out the Dead (m.01yzjg) | Brown Sugar (m.07_3vm) | Chicago (m.01cmp9) | Hairspray (m.0bt3j9) | Hairspray 2: White Lipstick (m.05p46dv) | Hoodlum (m.060p1m) | House Party 2 (m.054vql) | Ice Age: A Mammoth Christmas (m.0j24hls) | Ice Age: Continental Drift (m.0fpgp26) | Ice Age: Dawn of the Dinosaurs (m.027j9wd) | Ice Age: The Meltdown (m.0729rh) | Joyful Noise (m.0g54bw9) | Juice (m.08w51z) | Jungle Fever (m.016f62) | Just Wright (m.07kbj2s) | Kung Faux: Vol. 1 (m.0crv_pd) | Kung Faux: Vol. 2 (m.0cs85c7) | Kung Faux: Vol. 3 (m.0crvfd7) | Kung Faux: Vol. 4 (m.010p_crb) | Kung Faux: Vol. 5 (m.0crw75p) | Last Holiday (m.07nt4j) | Life Support (m.02z84b3) | Life in the 310: Vol. 3 (m.0cs45fr) | Living Out Loud (m.0kvh49) | Living with the Dead (m.05zynv8) | Mad Money (m.02wc6sp) | Mama Flora's Family (m.0bvpwc6) | My Life (m.0ds27b) | One Love: The Bob Marley All-Star Tribute (m.0crxknq) | Queen Latifah - Unauthorized (m.0cryhb4) | Scary Movie 3 (m.03l6q0) | Set It Off (m.032knp) | Sphere (m.04rncw) | Steel Magnolias (m.0j72nq9) | Stranger than Fiction (m.0bm2nq) | Taxi (m.02b5v3) | The Bone Collector (m.06fwns) | The Cookout (m.06bks2) | The Country Bears (m.06n95j) | The Dilemma (m.0c3_662) | The Making of What's Going On: An All-Star Tribute (m.0crt91p) | The Muppets' Wizard of Oz (m.0569lx) | The Perfect Holiday (m.03cljvq) | The Secret Life of Bees (m.04f9bz6) | Through the Years of Hip-Hop: Vol. 1: Graffiti (m.0cs2r3l) | Valentine's Day (m.06_wqk4) | We Are Family (m.0crvchf) | We Are One: The Obama Inaugural Celebration at the Lincoln Memorial (m.05bzxn0) | What Happens in Vegas (m.03c3vl6) | Zac Efron's Pool Party (m.0gym9j6),,,,,pending
webqsp_WebQTrn-1940,where does brian williams live,webqsp,Elmira (m.01mb87),,,,,pending
webqsp_WebQTrn-360,what did kate winslet get an oscar for,webqsp,The Reader (m.03cw411),,,,,pending
webqsp_WebQTrn-449,where did lee corso go to college,webqsp,Florida State University (m.01jq0j),,,,,pending
webqsp_WebQTrn-3669,where is the spratly islands located,webqsp,Asia (m.0j0k),,,,,pending
webqsp_WebQTrn-529,what is pennsylvania 's state flower called,webqsp,Kalmia latifolia (m.04bxc),,,,,pending
webqsp_WebQTrn-560,how many teams are there in the ncaa football,webqsp,Auburn Tigers football (m.086hg9) | LSU Tigers football (m.0fht9f) | Miami Hurricanes football (m.07kcvl) | Michigan Wolverines football (m.0fsb_6) | Nebraska Cornhuskers football (m.0bjkk9) | Ohio State Buckeyes football (m.0fjzsy) | Oregon Ducks football (m.0fbq2n) | Penn State Nittany Lions football (m.0frm7n) | Stanford Cardinal football (m.02pd1tf) | USC Trojans football (m.07k53y),,,,,pending
webqsp_WebQTrn-2508,where did brian williams go to college,webqsp,Brookdale Community College (m.05twn6) | George Washington University (m.01nnsv) | The Catholic University of America (m.02vnp2),,,,,pending
webqsp_WebQTrn-1384,who was louis xvi,webqsp,Duke of Normandy (m.0290vf) | King of France (m.05st_0j) | King of Navarre (m.063032x),,,,,pending
webqsp_WebQTrn-300,where is the ottoman empire located,webqsp,Near East (m.01ffbn),,,,,pending
webqsp_WebQTrn-2198,what did fred goodwin do,webqsp,Businessperson (m.012t_z) | Chartered Accountant (m.04p2dz),,,,,pending
webqsp_WebQTrn-730,where did madoff live in nyc,webqsp,Manhattan (m.0cc56) | Queens (m.0ccvx),,,,,pending
webqsp_WebQTrn-772,who did the baltimore ravens draft in 2011,webqsp,Jimmy Smith (m.0drxh6r),,,,,pending
webqsp_WebQTrn-3507,who plays saruman in lord of the rings,webqsp,Christopher Lee (m.0f0kz),,,,,pending
webqsp_WebQTrn-211,what money do they use in chile,webqsp,Chilean peso (m.0172zs),,,,,pending
webqsp_WebQTrn-1474,what countries do they speak italian,webqsp,Argentina (m.0jgd) | Brazil (m.015fr) | Croatia (m.01pj7) | Gozo (m.0rpgpql) | Italy (m.03rjj) | Mexico (m.0b90_r) | Republic of Genoa (m.02q14r) | San Marino (m.06sff) | Slovenia (m.06t8v) | Switzerland (m.06mzp) | Vatican City (m.07ytt),,,,,pending
webqsp_WebQTrn-2991,where did nick clegg go to prep school,webqsp,Caldicott School (m.02qg0tp),,,,,pending
webqsp_WebQTrn-2651,what do they speak iceland,webqsp,Icelandic Language (m.01gmkg),,,,,pending
webqsp_WebQTrn-770,what airport is close to daytona beach florida,webqsp,Daytona Beach International Airport (m.07jwl0) | Massey Ranch Airpark (m.03byvk1) | Spruce Creek Airport (m.02w45sm),,,,,pending
webqsp_WebQTrn-1297,where did justin bieber grew up,webqsp,London (m.0b1t1),,,,,pending
webqsp_WebQTrn-2792,who does the uk trade with,webqsp,Angola (m.0j4b) | Anguilla (m.0n3g) | Canada (m.0d060g) | Sierra Leone (m.06s_2) | United States of America (m.09c7w0),,,,,pending
webqsp_WebQTrn-222,where did matthias schleiden go to school,webqsp,Heidelberg University (m.0pmcz),,,,,pending
webqsp_WebQTrn-1653,who played andy in toy story 3,webqsp,Charlie Bright (m.0g54mwg) | John Morris (m.026jltx),,,,,pending
webqsp_WebQTrn-524,where do houston aeros play,webqsp,Lakewood Church Central Campus (m.01txlf),,,,,pending
webqsp_WebQTrn-2352,who are the judges of the supreme court,webqsp,Anthony Kennedy (m.019s7r) | Antonin Scalia (m.0166zk) | Clarence Thomas (m.01_4j) | Elena Kagan (m.06lnfm) | John Roberts (m.066vhq) | Ruth Bader Ginsburg (m.0199pk) | Samuel Alito (m.04gnxk) | Sonia Sotomayor (m.06lvrr) | Stephen Breyer (m.016m0v),,,,,pending
webqsp_WebQTrn-1122,what illnesses did george washington have,webqsp,Malaria (m.0542n) | Smallpox (m.06vr2) | Tuberculosis (m.07jwr),,,,,pending
webqsp_WebQTrn-1383,where is bergen belsen concentration camp located,webqsp,Germany (m.0345h),,,,,pending
webqsp_WebQTrn-636,what was eli whitney nationality,webqsp,United States of America (m.09c7w0),,,,,pending
webqsp_WebQTrn-1266,what theme songs did alan thicke wrote,webqsp,Arnold & Willy (Diff'rent Strokes) (m.0zl7d7s) | Big Wheels (m.0zwh63k) | Facts of Life (m.0_jvj26) | Hockey Sock Rock (m.0g54xzv) | It Takes Diff'rent Strokes (m.0n9cmjv) | The Facts of Life (m.0_k73bx),,,,,pending
webqsp_WebQTrn-1612,what country was vasco nunez de balboa born in,webqsp,Spain (m.06mkj),,,,,pending
webqsp_WebQTrn-172,where did the houston oilers football team go,webqsp,Tennessee Oilers (m.06f2k5d),,,,,pending
webqsp_WebQTrn-135,what is the dominant language in israel,webqsp,Arabic Language (m.0jzc) | Hebrew Language (m.03hkp),,,,,pending
webqsp_WebQTrn-2983,what country did the zulu live in,webqsp,Southern Africa (m.02c59t),,,,,pending
webqsp_WebQTrn-2026,what currency does the dominican republic,webqsp,Dominican peso (m.04lt7_),,,,,pending
webqsp_WebQTrn-2136,what year did baltimore ravens win the superbowl,webqsp,Super Bowl XLVII (m.0642vqv) | Super Bowl XXXV (m.076yq),,,,,pending
webqsp_WebQTrn-401,where was leonardo da vinci when he died,webqsp,Amboise (m.01jvvc),,,,,pending
webqsp_WebQTrn-3743,what to do in venice beach ca,webqsp,72 Market Street Oyster Bar and Grill (m.0hr5dd1) | Beyond Baroque Literary Arts Center (m.05p3m29) | Binoculars Building (m.02rfng5) | First Lutheran Church of Venice (m.09z99h) | L.A. Louver (m.0fy0rf) | Muscle Beach (m.01z4sg) | Social and Public Art Resource Center (m.0f7zgx) | Venice Branch (m.047c1tt) | Venice Canal Historic District (m.047b_hk) | Venice United Methodist Church (m.027l5dg),,,,,pending
webqsp_WebQTrn-3043,what is the name of the capital of spain,webqsp,Madrid (m.056_y),,,,,pending
webqsp_WebQTrn-2220,what years did yankees win championships,webqsp,1923 World Series (m.04tfv7) | 1927 World Series (m.04tfwz) | 1928 World Series (m.04tfxn) | 1932 World Series (m.04tf_g) | 1936 World Series (m.04tg0h) | 1937 World Series (m.04tg15) | 1938 World Series (m.04tfmb) | 1939 World Series (m.04tg1w) | 1941 World Series (m.04td_r) | 1943 World Series (m.04tfmp) | 1947 World Series (m.04tg3l) | 1949 World Series (m.04tg4n) | 1950 World Series (m.04tfqf) | 1951 World Series (m.04tfpr) | 1952 World Series (m.04tfpd) | 1953 World Series (m.04tg4_) | 1956 World Series (m.04p1w0) | 1958 World Series (m.04tfs5) | 1961 World Series (m.04tfrh) | 1962 World Series (m.04tfr4) | 1977 World Series (m.04jfsz) | 1978 World Series (m.04jfmn) | 1996 World Series (m.04j70r) | 1998 World Series (m.04j7sr) | 1999 World Series (m.04j7wv) | 2000 World Series (m.0d1bbv) | 2009 World Series (m.04n39cg),,,,,pending
webqsp_WebQTrn-3529,what other movies is liam hemsworth in,webqsp,"Arabian Nights (m.0gxtt3_) | Aurora Rising (m.0v9rfj5) | By Way of Helena (m.01222hf6) | Cut Bank (m.0wk4knj) | Draft:Independence Day 2 (m.0134v4hd) | Empire State (m.0lcw1gn) | Knowing (m.047v2p4) | Love and Honor (m.0gxtt2w) | Paranoia (m.0k9390g) | The Dressmaker (m.0123hmcd) | The Expendables 2 (m.0gffmn8) | The Hunger Games (m.0gkz15s) | The Hunger Games: Catching Fire (m.0n40qmp) | The Hunger Games: Mockingjay, Part 1 (m.0ngvsvk) | The Hunger Games: Mockingjay, Part 2 (m.0ngvtb_) | The Last Song (m.07ykkx5) | Timeless (m.0hz6697) | Triangle (m.06_vszc)",,,,,pending
webqsp_WebQTrn-1268,where is sony headquarters,webqsp,Minato (m.024bqj),,,,,pending
webqsp_WebQTrn-2783,who is country singer jewel married to,webqsp,Ty Murray (m.0ddjs8),,,,,pending
webqsp_WebQTrn-2660,what does a american rottweiler look like,webqsp,Black (m.019sc) | Mahogany (m.05n23l) | Tan (m.037zsb),,,,,pending
webqsp_WebQTrn-2990,what years have the giants won the world series,webqsp,2010 World Series (m.09gnk2r) | 2012 World Series (m.0ds8qct) | 2014 World Series (m.0117q3yz),,,,,pending
webqsp_WebQTrn-1087,what is australian currency,webqsp,Australian dollar (m.0kz1h),,,,,pending
webqsp_WebQTrn-1840,what books did lincoln write,webqsp,"4 Speeches by Abraham Lincoln (m.06hmfmc) | A Place to Live (m.06kjp__) | A letter ... in reply to an invitation to address a meeting in honor of the birthday of Thomas Jefferson (m.0bqqy82) | A review of the work done by the Church Missioanry Society in South India between the years 1816 to 1850 (m.06krc3w) | Abraham Lincoln (m.0c1t0dg) | Abraham Lincoln's autobiography (m.0bhjd84) | Abraham Lincoln's pen and voice (m.0c1t0dk) | Abraham Lincoln's second inaugural address, March 4, 1865 (m.0c1t0dn) | Address of Abraham Lincoln (m.0c1t0dr) | An Anthology Of The Epigrams And Sayings Of Abraham Lincoln (m.06l5jgq) | An autobiography of Abraham Lincoln (m.0c1t0dv) | Anecdotes Of Abraham Lincoln And Lincoln's Stories (m.069bhf3) | Art of Illumination Classic French Manuscript (m.06ncmyq) | Birchard Letter (m.0chv00) | Calligraphy Is Fun (m.06hn5dd) | Collected works (m.0c1t0dy) | Complete Works Of Abraham Lincoln V10 (m.06g1chq) | Complete works (m.0c1t0f0) | Complete works of Abraham Lincoln (m.0c1t0f3) | Created equal? (m.0c1t0f6) | Debates of Lincoln & Douglas (m.0c1t0f9) | Discoveries and inventions (m.0bqqy7y) | Gems from Abraham Lincoln (m.06cygqy) | Hunt Speedball Calligraphy Workbook (m.06mngvt) | In Lincoln's hand (m.0c1t0fd) | Letters And Addresses of Abraham Lincoln (m.06g3j11) | Life and Public Services (m.06dyrpv) | Life and works of Abraham Lincoln (m.0c1t0fh) | Lincoln Dictionary (m.06gqt1k) | Lincoln letters (m.0bqqy87) | Lincoln on Race and Slavery (m.05yq8nb) | Lincoln's Devotional (m.068nrrf) | Lincoln's Kalamazoo address against extending slavery (m.0bhjd8f) | Lincoln's autobiography (m.0bhjd8b) | Lincoln's inaugurals, the Emancipation proclamation, etc (m.0c1t0fp) | Lincoln's last speech in Springfield in the campaign of 1858 (m.0bqqy8d) | Message Of The President Of The United States, And Accompanying Documents To The Two Houses Of Congress (m.06q__t8) | My Life as Abraham Lincoln (m.06vlrpv) | New Letters and papers of Lincoln (m.0c1t0fw) | Of the People, By the People, For the People (m.05c_79h) | Papers, 1833-1916 (m.0c1t0fz) | Partial Personal Journal of Abraham Lincoln (m.0y4kc50) | Poems of Abraham Lincoln (m.06fl0v_) | Political debates between Abraham Lincoln and Stephen A. Douglas in the celebrated campaign of 1858 in Illinois (m.0bqqy8k) | President Lincoln's 75,000 Volunteers (m.0py1qgr) | Quotations from Abraham Lincoln (m.0c1t0g4) | Selected writings of Abraham Lincoln (m.0c1t0g7) | Selections From the Works of Abraham Lincoln (m.068b0v9) | Selections from the letters, speeches, and state papers of Abraham Lincoln (m.0c1t0gb) | Speeches and Letters of Abraham Lincoln, 1832-1865 (m.06j5xzx) | Speeches and writings 1832-1858 (m.0c1t0gf) | Speeches and writings 1859-1865 (m.0c1t0gj) | State Of The Union Addresses (m.06v7q2v) | The Address of the Hon. Abraham Lincoln, in (m.06mzpmv) | The Collected Works of Abraham Lincoln/First Supplement 1832-1865 (m.06lt3v9) | The Gettysburg Address and Other Speeches (m.06n0txx) | The Gettysburg address and a portrait (m.0bhjd87) | The Life And Public Service Of General Zachary Taylor (m.06mgy7c) | The Papers of Abraham Lincoln: Legal Documents and Cases (m.0673mv3) | The Portable Abraham Lincoln (m.066yn4z) | The Speeches of Abraham Lincoln, including inaugurals and proclamations; with biographical introductions and prefatory notes (m.0bqqy8q) | The Writings of Abraham Lincoln (m.06g06ld) | The life and writings of Abraham Lincoln (m.0c1t0fl) | The literary works of Abraham Lincoln (m.0c1t0fs) | The political thought of Abraham Lincoln (m.0c1t0g1) | The table talk of Abraham Lincoln (m.0c1t0gm) | The words of Abraham Lincoln (m.0bhjd8j) | This Fiery Trial: The Speeches and Writings of Abraham Lincoln (m.05c_f7l) | Wisdom and Wit (m.06rlzdx) | Words of Lincoln (m.0c1t0gq)",,,,,pending
webqsp_WebQTrn-2195,what currency should i bring to italy,webqsp,Euro (m.02l6h),,,,,pending
webqsp_WebQTrn-2298,what do michelle obama do for a living,webqsp,Lawyer (m.04gc2) | Writer (m.0cbd2),,,,,pending
webqsp_WebQTrn-571,where did kate middleton go to prep school,webqsp,"St Andrew's School, Pangbourne (m.0gmdq9d)",,,,,pending
webqsp_WebQTrn-54,what was the name of frederick douglass book,webqsp,"A Black diplomat in Haiti (m.06bq6w2) | A Chinese Girl Graduate (m.06ty1ql) | Abolition fanaticism in New York (m.06mkz59) | Collected Articles Of Frederick Douglass (m.06ktxh7) | Escape from slavery (m.067mzxk) | Frederick Douglass (m.06m91zr) | From slave to statesman (m.06vbs0d) | Life & Times of Frederick Douglas (m.06fr4s7) | Life and Times of Frederick Douglass (m.03clq8t) | My Bondage and My Freedom (m.067x2lp) | Narrative of the Life of Frederick Douglass, an American Slave (m.04kh2k) | Negroes and the national war effort (m.06kxqpj) | Standing with the slave (m.068jkrg) | The Education of Frederick Douglass (m.06kvgsm) | The Frederick Douglass Papers, Series 1, Vol. 1: 1841-46 (m.0fpb93x) | The Frederick Douglass Papers, Series 1, Vol. 2: 1847-54 (m.0y50n2g) | The Frederick Douglass Papers, Series 1, Vol. 3: 1855-63 (m.0y50n39) | The Frederick Douglass Papers, Series 1, Vol. 4: 1864-80 (m.0y50n4h) | The Frederick Douglass Papers, Series 1, Vol. 5: 1881-95 (m.0y50n7t) | The Frederick Douglass Papers, Series 2, Vol. 1: Narrative (m.0fpb946) | The Frederick Douglass Papers, Series 2, Vol. 2: Bondage and Freedom (m.0y50ngp) | The Frederick Douglass Papers, Series 2, Vol. 3: Life and Times (m.0y50njy) | The Frederick Douglass Papers, Series 3, Vol. 1: 1842-1852 (m.0y50nxt) | The Heroic Slave (m.03c5dpz) | The Life of an American Slave (m.06jjj7m) | The Oxford Frederick Douglass reader (m.06ry31_) | The claims of the Negro, ethnologically considered (m.06kf95n) | The mind and heart of Frederick Douglass (m.0697p24) | The narrative and selected writings (m.0c1t2v2) | The race problem (m.06mj8s0) | Thoughts for all time (m.06p5ykp) | Three African-American Classics (m.06c1dmk) | Two Slave Rebellions at Sea (m.06twn1l) | U.S. Grant and the colored people (m.06mz4m1) | Vida de Un Esclavo Americano (m.06tws33) | Why I Became A Woman's Rights Man (m.06r6hzr) | Why Is the Negro Lynched (m.06mkpqq) | Words of Ages (m.068c5tc)",,,,,pending
webqsp_WebQTrn-3407,what are the mountains in peru called,webqsp,Andes (m.0p2n),,,,,pending
webqsp_WebQTrn-1696,what is the political system of nigeria,webqsp,Federal republic (m.0j729) | Presidential system (m.01d9r3),,,,,pending
webqsp_WebQTrn-2887,where is sarajevo located,webqsp,Bosnia and Herzegovina (m.0166b) | Federation of Bosnia and Herzegovina (m.021yyx) | Sanjak of Bosnia (m.0gfgdgx) | Sarajevo Canton (m.03g99x),,,,,pending
webqsp_WebQTrn-2333,when did the boston celtics win their first championship,webqsp,1957 NBA Finals (m.0cs2n0),,,,,pending
webqsp_WebQTrn-1921,what country is vatican city in,webqsp,Italy (m.03rjj),,,,,pending
webqsp_WebQTrn-1303,what is the name of book written by helen keller,webqsp,"Helen Keller, her Socialist years (m.06d40b6) | Let us have faith (m.068vwb6) | Light in My Darkness (m.01ct51) | My key of life (m.06vdh41) | Optimism (m.0c1t3sh) | Out of the dark (m.0c1t3sl) | Peace at eventide (m.06ct5x4) | Teacher: Anne Sullivan Macy (m.06qbwkz) | The Story of My Life (m.0d4wd9) | The World I Live In (m.05mms2v) | The faith of Helen Keller (m.06jh36g) | The miracle of life (m.06l8ytp) | The modern woman (m.0c1t3s9) | The open door (m.06clt38) | The song of the stone wall (m.0c1t3sp) | We bereaved (m.06gm4jn)",,,,,pending
webqsp_WebQTrn-2176,where is okemos michigan,webqsp,Ingham County (m.0njlp) | Meridian Charter Township (m.0v7_3) | Michigan (m.04rrx) | United States of America (m.09c7w0),,,,,pending
webqsp_WebQTrn-1304,what did bruce jenner win gold for,webqsp,Athletics at the 1976 Summer Olympics - Men's Decathlon (m.07ygntp),,,,,pending
webqsp_WebQTrn-2260,where did william howard taft go to high school,webqsp,Woodward High School (m.0gg3dm),,,,,pending
webqsp_WebQTrn-1229,what was nicolaus copernicus discovery,webqsp,Copernican Revolution (m.02p6y2z) | Copernican heliocentrism (m.027lfyz) | Heliocentrism (m.01kf8z),,,,,pending
webqsp_WebQTrn-3073,what did sir john frederick william herschel do,webqsp,Actinometer (m.03yvzv) | Cyanotype (m.01m_1t) | Photographic fixer (m.03ktb0),,,,,pending
webqsp_WebQTrn-2818,where does volga river start,webqsp,Valdai Hills (m.05ktg3),,,,,pending
webqsp_WebQTrn-2809,where did jerome david salinger died,webqsp,Cornish (m.0xk73),,,,,pending
webqsp_WebQTrn-1572,what religion did the ottoman turks follow,webqsp,Catholicism (m.0c8wxp) | Christianity (m.01lp8) | Eastern Christianity (m.0blk0) | Islam (m.0flw86) | Judaism (m.03_gx),,,,,pending
webqsp_WebQTrn-1242,what years have the cubs been in the world series,webqsp,1907 World Series (m.04tg9h) | 1908 World Series (m.04tg8s),,,,,pending
webqsp_WebQTrn-2628,what language do they in belgium,webqsp,Dutch Language (m.02bv9) | French (m.064_8sq) | German Language (m.04306rv) | Picard Language (m.02drlb) | West Flemish (m.02y3v),,,,,pending
webqsp_WebQTrn-695,where did bob barker grow up,webqsp,Darrington (m.010th_),,,,,pending
webqsp_WebQTrn-1969,what years did the yankees win the championship,webqsp,1923 World Series (m.04tfv7) | 1927 World Series (m.04tfwz) | 1928 World Series (m.04tfxn) | 1932 World Series (m.04tf_g) | 1936 World Series (m.04tg0h) | 1937 World Series (m.04tg15) | 1938 World Series (m.04tfmb) | 1939 World Series (m.04tg1w) | 1941 World Series (m.04td_r) | 1943 World Series (m.04tfmp) | 1947 World Series (m.04tg3l) | 1949 World Series (m.04tg4n) | 1950 World Series (m.04tfqf) | 1951 World Series (m.04tfpr) | 1952 World Series (m.04tfpd) | 1953 World Series (m.04tg4_) | 1956 World Series (m.04p1w0) | 1958 World Series (m.04tfs5) | 1961 World Series (m.04tfrh) | 1962 World Series (m.04tfr4) | 1977 World Series (m.04jfsz) | 1978 World Series (m.04jfmn) | 1996 World Series (m.04j70r) | 1998 World Series (m.04j7sr) | 1999 World Series (m.04j7wv) | 2000 World Series (m.0d1bbv) | 2009 World Series (m.04n39cg),,,,,pending
webqsp_WebQTrn-1282,who is the governor of colorado 2009,webqsp,Bill Ritter (m.08vb_5),,,,,pending
webqsp_WebQTrn-2139,when did shawn johnson won the gold medal,webqsp,2008 Summer Olympics (m.0kbws),,,,,pending
webqsp_WebQTrn-3346,what are the places to see in dubai,webqsp,"Burj Khalifa (m.03cn0v) | Deira Clocktower (m.03whtz_) | Dubai Autodrome (m.084z1l) | Dubai Creek (m.03c3yb1) | Dubai International Convention Centre (m.084blh) | Dubai Museum (m.02q24rq) | Dubai Waterfront (m.09cwdq) | Dubai Zoo (m.065z06l) | Emirates Towers (m.06jpgt) | Fish Roundabout (m.0405p7v) | Grand Mosque (m.06152r) | Hindu Temple, Dubai (m.03yb84v) | Jumeirah Beach (m.0cnyfm6) | Jumeirah Beach Hotel (m.027tlcs) | Jumeirah Mosque (m.02qmbrc) | Jumeirah Zabeel Saray (m.0q40862) | Madinat Jumeirah (m.02qkhn8) | Mushrif Park (m.05bf4c) | Palm Jumeirah (m.025smcz) | Restless Planet (m.03m57sn) | Saeed Al Maktoum House (m.02768mb) | Ski Dubai (m.0bsbx_) | The Dubai Fountain (m.06zn69y) | The Dubai Mall (m.0bxdn4) | The World (m.04q5nb) | Universal Studios Dubailand (m.02qyvdt) | Wild Wadi Water Park (m.03nyg2)",,,,,pending
webqsp_WebQTrn-2278,where did ayn rand live,webqsp,Saint Petersburg (m.06pr6),,,,,pending
webqsp_WebQTrn-847,what are the 3 official languages of spain,webqsp,Spanish Language (m.06nm1),,,,,pending
webqsp_WebQTrn-3522,which country does irish language come from,webqsp,Republic of Ireland (m.03rt9),,,,,pending
webqsp_WebQTrn-206,who won golden boot,webqsp,Cristiano Ronaldo (m.02xt6q) | Robin van Persie (m.04j7c7),,,,,pending
webqsp_WebQTrn-2752,where is the main headquarters of the un,webqsp,New York City (m.02_286),,,,,pending
webqsp_WebQTrn-1897,what club team does ronaldinho play for,webqsp,Brazil national football team (m.01352_) | Quer¨¦taro F.C. (m.01xn5n_),,,,,pending
webqsp_WebQTrn-2393,who started google,webqsp,Larry Page (m.0gjpq) | Sergey Brin (m.0gjq6),,,,,pending
webqsp_WebQTrn-307,where did henry knox die,webqsp,Thomaston (m.03897b),,,,,pending
webqsp_WebQTrn-420,what state did al gore represent,webqsp,Tennessee (m.07h34),,,,,pending
webqsp_WebQTrn-492,in what country do they speak basque,webqsp,France (m.0f8l9c) | Spain (m.06mkj),,,,,pending
webqsp_WebQTrn-2728,what is the dollar called in brazil,webqsp,Brazilian real (m.03385m),,,,,pending
webqsp_WebQTrn-3775,what is the name of the broncos mascot,webqsp,Miles (m.027l54x) | Thunder (m.0_h1qbn),,,,,pending
webqsp_WebQTrn-895,what did george steinbrenner do,webqsp,Businessperson (m.012t_z) | Entrepreneur (m.09x_r) | Investor (m.025sppp) | Theatrical producer (m.05sxg2),,,,,pending
webqsp_WebQTrn-2779,who was the real erin brockovich,webqsp,Actor (m.02hrh1q) | Businessperson (m.012t_z) | Consultant (m.02n9jv) | Environmentalist (m.07s467s) | Paralegal (m.01jbr2) | Presenter (m.015cjr),,,,,pending
webqsp_WebQTrn-746,who was married to lance armstrong,webqsp,Kristin Richard (m.063qmj2),,,,,pending
webqsp_WebQTrn-543,who played lois lane in superman 1,webqsp,Margot Kidder (m.04mlmx),,,,,pending
webqsp_WebQTrn-18,what books did beverly cleary right,webqsp,"A Girl from Yamhill (m.04vr9fz) | A Girl from Yamhill (m.04vr9g6) | A Girl from Yamhill (m.04vr9gg) | A girl from Yamhill (m.04t31ph) | A girl from Yamhill (m.04tv3kr) | Beezus and Ramona (Retail) (m.04w06kb) | Beezus and Ramona (m.0282mb3) | Beezus and Ramona (m.028y2s9) | Beezus and Ramona (m.04tv3q3) | Beezus and Ramona (m.04w06dr) | Beezus and Ramona (m.04w06g3) | Beezus and Ramona (m.04w06gd) | Beezus and Ramona (m.04w06gn) | Beezus and Ramona (m.04w06gx) | Beezus and Ramona (m.04w06h4) | Beezus and Ramona (m.04w06hd) | Beezus and Ramona (m.04w06hn) | Beezus and Ramona (m.04w06k2) | Beezus and Ramona. (m.04w06j2) | Beverly Cleary First Love Treasury Three Complete Novels (m.04t31q_) | Beverly Cleary First Love Treasury Three Complete Novels (m.04tv3nl) | Bisus und Ramona. ( Ab 8 J.) (m.06msr6m) | Cleary AWBC 54c Mix Ppk (m.06v3b75) | Cutting Up with Ramona (m.06qw9n7) | Dear Mr Henshaw (Media Gram Newbery Series) (m.04v_zy_) | Dear Mr Henshaw (m.04v_yvk) | Dear Mr. Henshaw (A Dell Yearling Book) (m.04v_zyh) | Dear Mr. Henshaw (M-Books) (m.04v_z_9) | Dear Mr. Henshaw (Teacher Guide) (m.04v_zyr) | Dear Mr. Henshaw (m.028xt1p) | Dear Mr. Henshaw (m.04tv3sj) | Dear Mr. Henshaw (m.04v_yr2) | Dear Mr. Henshaw (m.04v_ys3) | Dear Mr. Henshaw (m.04v_ysc) | Dear Mr. Henshaw (m.04v_ysv) | Dear Mr. Henshaw (m.04v_yv1) | Dear Mr. Henshaw (m.04v_yv9) | Dear Mr. Henshaw (m.04v_yvt) | Dear Mr. Henshaw (m.04v_yw1) | Dear Mr. Henshaw (m.04v_yw9) | Dear Mr. Henshaw (m.04v_ywz) | Dear Mr. Henshaw (m.04v_yxd) | Dear Mr. Henshaw (m.04v_yxp) | Dear Mr. Henshaw (m.04v_yyn) | Dear Mr. Henshaw (m.06xz23) | Dear Mr. Henshaw (rpkg) (HarperClassics) (m.04v_yyd) | Dear Mr.Henshaw (m.04v_ywk) | El ratoncito de la moto (m.06k7r8g) | Ellen Tebbits (Avon Camelot Books) (m.04vcgr4) | Ellen Tebbits (Swr 26) (m.04vcgnb) | Ellen Tebbits (m.04vcgn2) | Ellen Tebbits (m.04vcgnm) | Ellen Tebbits (m.04vcgp9) | Ellen Tebbits (m.04vcgpl) | Ellen Tebbits (m.04vcgpv) | Ellen Tebbits (m.04vcgq2) | Ellen Tebbits (m.0f3nw6) | Ellen Tebbits (rpkg) (Avon Camelot Books) (m.04tv3fl) | Ellen Tebbits (rpkg) (m.04vcgm1) | Ellen Tebbits CD (m.04tv3kj) | Emily's Runaway Imagination (m.0j7kzd7) | Emily's Runaway Imagination (rpkg) (m.04tv3g7) | Fifteen (Avon Camelot Books) (m.04vr9_n) | Fifteen (Avon Camelot Books) (m.04vr9_x) | Fifteen (m.04j9kng) | Fifteen (m.04vr9_3) | Fifteen (m.04vr9_d) | Fifteen (m.04vr9y2) | Fifteen (m.04vr9yl) | Fifteen (m.04vr9yv) | Fifteen (m.04vr9z3) | Fifteen (m.04vr9zc) | Fifteen (m.04vr9zm) | Fifteen (m.04vr9zw) | Fifteen (rack) (Cleary Reissue) (m.04tv3nc) | GROWING UP FEET (Young Yearling) (m.04vr9l4) | Garde conjointe (m.06s_1cd) | Growing-Up Feet (m.04vr9mn) | HENRY AND RIBSY (Henry Huggins (Paperback)) (m.04v0r9c) | HENRY AND RIBSY (Henry Huggins (Paperback)) (m.04v0rb4) | Henry & Ramona (m.068v3gn) | Henry Huggins (50th Anniversary Edition) (m.04v5shd) | Henry Huggins (50th Anniversary Edition) (m.04vdgjp) | Henry Huggins (50th Anniversary Edition: Includes an Interview with the Author) (m.04v5sln) | Henry Huggins (50th Anniversary Edition: Includes an Interview with the Author) (m.04vdgks) | Henry Huggins (Henry Huggins Series) (m.04v5qls) | Henry Huggins (Henry Huggins Series) (m.04vdf60) | Henry Huggins (Morrow Junior Books) (m.04v5shx) | Henry Huggins (Morrow Junior Books) (m.04v5sjf) | Henry Huggins (Morrow Junior Books) (m.04vdgjy) | Henry Huggins (Morrow Junior Books) (m.04vdgl0) | Henry Huggins (Spanish edition) (m.04v5ql8) | Henry Huggins (Spanish edition) (m.04vdf6j) | Henry Huggins (m.02w8svt) | Henry Huggins (m.04tv3mq) | Henry Huggins (m.04v5qh1) | Henry Huggins (m.04v5qhs) | Henry Huggins (m.04v5qjt) | Henry Huggins (m.04v5qk1) | Henry Huggins (m.04v5qkj) | Henry Huggins (m.04v5qks) | Henry Huggins (m.04v5ql0) | Henry Huggins (m.04v5qlj) | Henry Huggins (m.04vdf3h) | Henry Huggins (m.04vdf48) | Henry Huggins (m.04vdf4s) | Henry Huggins (m.04vdf50) | Henry Huggins (m.04vdf58) | Henry Huggins (m.04vdf71) | Henry Huggins (m.04vdf7t) | Henry Huggins (versi¨®n en espa?ol) (m.04v5sj4) | Henry Huggins (versi¨®n en espa?ol) (m.04vdglv) | Henry Huggins: Henry Huggins : Henry and Beezus : Henry and the Paper Route (m.04v5sh3) | Henry Huggins: Henry Huggins : Henry and Beezus : Henry and the Paper Route (m.04vdgkh) | Henry and Beezus (m.0b__r_m) | Henry and Ribsy (Avon Camelot Books) (m.04v0rbn) | Henry and Ribsy (Henry Huggins (Paperback)) (m.04v0r9m) | Henry and Ribsy (Henry Huggins (Paperback)) (m.04v0r9w) | Henry and Ribsy (m.04v0r7h) | Henry and Ribsy (m.04v0r8f) | Henry and Ribsy (m.04v0r8p) | Henry and Ribsy (m.04v0r8y) | Henry and Ribsy (m.0cqmmy) | Henry and Ribsy. (m.04v0r7_) | Henry and the Clubhouse (m.0j1035n) | Henry and the Paper Route (m.06w2v38) | JEAN AND JOHNNY (m.04vr9sc) | Janet's thingamajigs (m.04t31rh) | Janet's thingamajigs (m.04tv3p0) | Jean and Johnny (Avon Camelot Books) (m.04vr9rm) | Jean and Johnny (Avon Camelot Books) (m.04vr9sn) | Jean and Johnny (m.04t31r7) | Jean and Johnny (m.04vr9rw) | Jean and Johnny (m.04vr9t5) | Jean and Johnny (m.04vr9vh) | Jean and Johnny (rack) (Cleary Reissue) (m.04tv3nt) | Luckiest Girl (m.04vr9sx) | Luckiest Girl (m.04vr9tq) | Lucky Chuck (m.04t31rr) | Lucky Chuck (m.04tv3pg) | Lucky Chuck (m.04vr9wd) | Lucky Chuck (m.04vr9wv) | Mitch and Amy (m.04tv3qs) | Mitch and Amy (m.04vdt28) | Mitch and Amy (m.04vdt3t) | Mitch and Amy (m.04vdt5j) | Mitch and Amy (m.0f2z7p) | Mitch and Amy (rpkg) (m.04vdt8b) | Mouse House Trio (m.069v9cy) | Mouse and the Motorcycle (m.04v93zx) | Mouse and the Motorcycle, The (m.04v93x3) | Mouse and the Motorcycle, The (m.04v93y3) | Muggie Maggie (Spanish Edition) (m.04vr9qq) | Muggie Maggie (m.04t31pr) | Muggie Maggie (m.04tv3l5) | Muggie Maggie (m.04vr9ps) | Muggie Maggie (m.04vr9q0) | My Own Two Feet (m.04vr9lg) | My Own Two Feet (m.04vr9lq) | My own two feet (m.04t31p_) | My own two feet (m.04tv3lm) | Newbery Medal Bookshelf (m.06j4krb) | Otis Spofford (m.04vdm5h) | Otis Spofford (m.04vdm5r) | Otis Spofford (m.04vdm67) | Otis Spofford (m.0bkfrx) | Otis Spofford (rpkg) (m.04tv3j6) | Otis Spofford (rpkg) (m.04vdm78) | Petey's bedtime story (m.04t31l_) | Petey's bedtime story (m.04tv3cd) | Querido sen?or Henshaw (m.04t31n7) | Querido sen?or Henshaw (m.04tv3ft) | RAMONA FOREVER (Ramona Quimby (Paperback)) (m.04w0f48) | RAMONA FOREVER (Ramona Quimby (Paperback)) (m.04w0f5j) | RAMONA FOREVER (Ramona Quimby (Paperback)) (m.04w0f66) | RAMONA THE BRAVE (Ramona Quimby (Paperback)) (m.04w0hwg) | RAMONA THE BRAVE (Ramona Quimby) (m.04w0ht3) | RAMONA THE PEST (Ramona Quimby (Paperback)) (m.04w0krk) | Ralph S. Mouse (m.028xxhr) | Ralph S. Mouse (m.04vbc_w) | Ralph S. Mouse (m.04vbd19) | Ralph S. Mouse (m.04vbd1k) | Ralph S. Mouse (m.04vbd28) | Ralph S. Mouse (m.06wytx) | Ralph S. Mouse CD (m.04tv3n4) | Ralph S.Mouse (Handi-read) (m.04vbd10) | Ramona (m.02dtqf) | Ramona Boxed Set (4 Volumes) (m.06g4ynz) | Ramona Empieza El Curso (m.04vr9mx) | Ramona Empieza El Curso / Ramona Quimby, Age 8 (m.04vr9nf) | Ramona Forever (Childrens Literature Series) (m.04w0f4j) | Ramona Forever (Ramona Quimby (Paperback)) (m.04w0f3_) | Ramona Forever (Ramona Quimby (Paperback)) (m.04w0f4s) | Ramona Forever (Ramona Quimby) (m.04w0f1l) | Ramona Forever (m.028xtdc) | Ramona Forever (m.028yfm2) | Ramona Forever (m.04w0f1v) | Ramona Forever (m.04w0f22) | Ramona Forever (m.04w0f3q) | Ramona Forever (m.0fjnyr) | Ramona Quimby, Age 8 (m.04tv3d1) | Ramona Quimby, Age 8 (m.0fgq4n) | Ramona Su Madre (m.06mxxl9) | Ramona and Her Father (Ramona Quimby) (m.04w0ng0) | Ramona and Her Father (Ramona) (m.04w0ndw) | Ramona and Her Father (m.028y9dq) | Ramona and Her Father (m.028yj26) | Ramona and Her Father (m.04w0ngq) | Ramona and Her Father (m.04w0ngz) | Ramona and Her Father (m.04w0nh6) | Ramona and Her Father (m.04w0nhh) | Ramona and Her Father (m.04w0nhr) | Ramona and Her Father (m.0f3n3s) | Ramona and Her Mother (Ramona Quimby (Paperback)) (m.04w0jw9) | Ramona and Her Mother (Ramona Quimby (Paperback)) (m.04w0jws) | Ramona and Her Mother (Ramona Quimby) (m.04w0jvb) | Ramona and Her Mother (m.028yk65) | Ramona and Her Mother (m.028ypwp) | Ramona and Her Mother (m.04w0jtl) | Ramona and Her Mother (m.04w0jvl) | Ramona and Her Mother (m.04w0jxt) | Ramona and Her Mother (m.0f3n8m) | Ramona and Her Mother(Ramona Quimby (Paperback)) (m.04w0jx1) | Ramona and her Mother (Ramona Quimby) (m.04w0jv2) | Ramona and her father (m.04tv3k2) | Ramona and her father (m.04w0nf3) | Ramona and her father (m.04w0ng8) | Ramona and her father (m.04w0nh_) | Ramona and her father (m.04w0njf) | Ramona and her mother (m.04tv3gg) | Ramona and her mother (m.04w0jvw) | Ramona and her mother (m.04w0jxc) | Ramona empieza el curso (m.04t31sh) | Ramona empieza el curso (m.04tv3r6) | Ramona empieza el curso (m.04vr9n5) | Ramona forever (m.04tv3hb) | Ramona forever (m.04w0f2b) | Ramona forever (m.04w0f2t) | Ramona forever (m.04w0f38) | Ramona forever (m.04w0f5s) | Ramona hilft Papa. ( Ab 8 J.) (m.06n9g_5) | Ramona la chinche (m.04t31n_) | Ramona la chinche (m.04tv3hs) | Ramona la chinche (m.04vr9gr) | Ramona oder eine wirklich nette Familie. ( Ab 8 J.) (m.06lqckd) | Ramona the Brave (Avon Camelot Books) (m.04w0hwq) | Ramona the Brave (Puffin Books) (m.04w0htc) | Ramona the Brave (Ramona Quimby) (m.04w0htm) | Ramona the Brave (Ramona Series) (m.04w0htw) | Ramona the Brave (Ramona) (m.04w0hsm) | Ramona the Brave (m.028x_cs) | Ramona the Brave (m.028y956) | Ramona the Brave (m.04w0hqx) | Ramona the Brave (m.04w0hs3) | Ramona the Brave (m.04w0hsc) | Ramona the Brave (m.04w0hsw) | Ramona the Brave (m.0f2zkt) | Ramona the Pest (M Books) (m.04w0ksm) | Ramona the Pest (Ramona Quimby (Audio)) (m.04w0kr9) | Ramona the Pest (Ramona Quimby (Paperback)) (m.04w0ksb) | Ramona the Pest (Ramona Quimby) (m.04w0jdv) | Ramona the Pest (Ramona Series) (m.04w0kyg) | Ramona the Pest (Windrush) (m.04w0kr0) | Ramona the Pest (m.028xv2w) | Ramona the Pest (m.028ylj8) | Ramona the Pest (m.04w0j88) | Ramona the Pest (m.04w0j8t) | Ramona the Pest (m.04w0j91) | Ramona the Pest (m.04w0j99) | Ramona the Pest (m.04w0jbf) | Ramona the Pest (m.04w0jbq) | Ramona the Pest (m.04w0jcf) | Ramona the Pest (m.098p74) | Ramona the brave (m.04w0hr5) | Ramona the brave (m.04w0hv3) | Ramona the brave. (m.04w0hvk) | Ramona the pest (m.04w0j9_) | Ramona the pest (m.04w0j9k) | Ramona the pest (m.04w0jbz) | Ramona the pest (m.04w0jcp) | Ramona the pest. (m.04w0jd2) | Ramona und das neue Baby. ( Ab 8 J.) (m.06m9l6p) | Ramona y su madre (m.04t31s_) | Ramona y su madre (m.04tv3s2) | Ramona's World (m.027jhr9) | Ramona's World (m.028ykn_) | Ramona's World (m.028ykwy) | Ramona's world (m.04tv3jf) | Ramona. ( Ab 8 J.) (m.067jmqc) | Ribsy (m.027_9rs) | Ribsy CD (m.04t31q7) | Ribsy CD (m.04tv3mh) | Runaway Ralph (Avon Camelot Books) (m.04v8vkj) | Runaway Ralph (Ralph S. Mouse) (m.04v8vk0) | Runaway Ralph (m.028xwl9) | Runaway Ralph (m.04v8vbl) | Runaway Ralph (m.04v8vc0) | Runaway Ralph (m.04v8vcq) | Runaway Ralph (m.04v8vdc) | Runaway Ralph (m.04v8vdm) | Runaway Ralph (m.04v8vdw) | Runaway Ralph (m.04v8vf3) | Runaway Ralph (m.04v8vfd) | Runaway Ralph (m.04v8vfp) | Runaway Ralph (m.04v8vfy) | Runaway Ralph (m.0ftgff) | Sign¨¦, Lou (m.06jd174) | Sister of the Bride (m.04vcysm) | Sister of the Bride (m.04vcytc) | Sister of the Bride (m.04vcytm) | Sister of the Bride (m.04vcytw) | Sister of the Bride (m.04vcyv3) | Sister of the Bride (m.04vcyvs) | Sister of the Bride (m.04vcyw0) | Sister of the Bride (m.0bkdwj) | Sister of the Bride (rack) (Cleary Reissue) (m.04tv3qk) | Sister of the bride (m.04vcyvc) | Socks (Avon Camelot Books) (m.04vjg6q) | Socks (m.03h3h8g) | Socks (m.04vjg42) | Socks (m.04vjg4b) | Socks (m.04vjg4l) | Socks (m.04vjg4v) | Socks (m.04vjg52) | Socks (m.04vjg5n) | Socks (m.04vjg5y) | Socks (m.04vjg65) | Socks (m.04vjg77) | Socks. (m.04tv3dq) | Strider (m.04tv3m1) | Strider (m.04vdhv6) | Strider (m.04vdhy3) | Strider (m.04vdhyc) | Strider (m.04vdhyt) | Strider (m.04vdhz9) | Strider (m.076nfp) | The Best of Ramona (m.04t31s7) | The Best of Ramona (m.04tv3qb) | The Growing-Up Feet (m.04vr9k9) | The Luckiest Girl (An Avon Camelot Book) (m.04vr9w1) | The Luckiest Girl (m.04t31m_) | The Luckiest Girl (m.04vr9tf) | The Luckiest Girl (m.04vr9tz) | The Luckiest Girl (m.04vr9v7) | The Luckiest Girl (rack) (Cleary Reissue) (m.04tv3fc) | The Mouse and the Motorcycle (Spanish edition) (m.04v93_w) | The Mouse and the Motorcycle (Spanish edition) (m.04v9411) | The Mouse and the Motorcycle (m.028xy3z) | The Mouse and the Motorcycle (m.04v93_5) | The Mouse and the Motorcycle (m.04v93wl) | The Mouse and the Motorcycle (m.04v93xc) | The Mouse and the Motorcycle (m.04v93ym) | The Mouse and the Motorcycle (m.04v93yw) | The Mouse and the Motorcycle (m.04v93zc) | The Mouse and the Motorcycle (m.04v93zn) | The Mouse and the Motorcycle (m.04v9403) | The Mouse and the Motorcycle (m.07392n) | The Mouse and the Motorcycle CD (m.04v941l) | The Mouse and the Motorcycle Read-Aloud Edition (m.04v9514) | The Newbery Award Library (m.06pg_zt) | The Ralph Mouse Collection (m.04t31m7) | The Ralph Mouse Collection (m.04tv3cv) | The Ramona Collection, Vol. 1 (m.04t31r_) | The Ramona Collection, Vol. 1 (m.04tv3px) | The Ramona Collection, Vol. 2 (m.04ymrh0) | The growing-up feet (m.04t31nr) | The growing-up feet (m.04tv3gx) | The hullabaloo ABC (m.04t31sr) | The hullabaloo ABC (m.04tv3rn) | The mouse and the motorcycle (m.04v93_f) | The mouse and the motorcycle (m.04v93v3) | The real hole (m.06cdy8k) | Two times the fun (m.04t31mr) | Two times the fun (m.04tv3d8) | Viva Ramona/Ramona Forever (m.0675bfc) | Young Love by Beverly Cleary (m.06jmfjq)",,,,,pending
webqsp_WebQTrn-838,what type of guitar does john mayer play,webqsp,Fender Stratocaster (m.02m873),,,,,pending
webqsp_WebQTrn-3303,who are the current senators from illinois,webqsp,Adlai Stevenson III (m.036nl4) | Alan J. Dixon (m.049q6m) | Albert J. Hopkins (m.08568c) | Barack Obama (m.02mjmr) | Carol Moseley Braun (m.019k2w) | Charles B. Farwell (m.0854yh) | Charles H. Percy (m.02hbd5) | Charles S. Deneen (m.067w71) | Charles W. Brooks (m.0bg5sh) | David Davis (m.029701) | David J. Baker (m.0bk92z) | Dick Durbin (m.01xcd1) | Elias Kane (m.04k_rs) | Everett Dirksen (m.0q43q) | Frank L. Smith (m.06q2nz) | J. Hamilton Lewis (m.05qcsn) | James M. Slattery (m.0bkgfg) | James Semple (m.0bl0dy) | James Shields (m.01lz7x) | Jesse B. Thomas (m.085302) | John A. Logan (m.018cdz) | John M. Palmer (m.053ylw) | John McCracken Robinson (m.0bk9c2) | John McLean (m.03lknx) | Joseph M. McCormick (m.0c0cth) | Lawrence Yates Sherman (m.06p3ll) | Lyman Trumbull (m.06dxxb) | Mark Kirk (m.0256rr) | Ninian Edwards (m.03bgz9) | Orville Hickman Browning (m.07wwvc) | Otis F. Glenn (m.087jqy) | Paul Douglas (m.01s2pp) | Paul Simon (m.0236v1) | Peter Fitzgerald (m.01xc63) | Ralph Tyler Smith (m.0851q2) | Richard J. Oglesby (m.038vxd) | Richard M. Young (m.0854j3) | Richard Yates (m.0c51sr) | Roland Burris (m.09sztf) | Samuel McRoberts (m.0bk95h) | Scott W. Lucas (m.038ncl) | Shelby Moore Cullom (m.037fpn) | Sidney Breese (m.0854mp) | Stephen A. Douglas (m.0170hg) | William Alexander Richardson (m.09v4nk) | William B. McKinley (m.087jgs) | William E. Mason (m.08564w) | William H. Dieterich (m.087js9) | William Lee D. Ewing (m.0854cw) | William Lorimer (m.087jyj),,,,,pending
webqsp_WebQTrn-410,where does drew gordon play,webqsp,New Mexico Lobos Basketball (m.0769_r),,,,,pending
webqsp_WebQTrn-2292,what kind of economy was the soviet union,webqsp,Communist state (m.01fkst) | Parliamentary republic (m.0glnsx) | Socialist state (m.025tbxf) | Soviet democracy (m.06zgbt),,,,,pending
webqsp_WebQTrn-1555,who became president when roosevelt died in office,webqsp,Harry S. Truman (m.09bg4l),,,,,pending
webqsp_WebQTrn-632,who is gilbert gottfried snl,webqsp,Actor (m.02hrh1q) | Comedian (m.018gz8) | Voice Actor (m.0np9r),,,,,pending
webqsp_WebQTrn-2452,where did the seminole native americans live,webqsp,Oklahoma (m.05mph),,,,,pending
webqsp_WebQTrn-3515,where did paul ryan attend college,webqsp,American University (m.0kw4j) | Miami University (m.01r3y2),,,,,pending
webqsp_WebQTrn-1034,what time zone in the uk,webqsp,Greenwich Mean Time Zone (m.03bdv),,,,,pending
webqsp_WebQTrn-851,who has coached the minnesota vikings,webqsp,Brad Childress (m.09r75g) | Bud Grant (m.01nzlz) | Dennis Green (m.04tmg8) | Jerry Burns (m.055wsz) | Joe Woods (m.0_ljw1y) | Les Steckel (m.055wr2) | Leslie Frazier (m.078ylk) | Mike Tice (m.03lr3z) | Mike Tomlin (m.0c5f_j) | Mike Zimmer (m.027lqgk) | Norm Van Brocklin (m.0388bl),,,,,pending
webqsp_WebQTrn-2377,where is colombia the country,webqsp,Americas (m.07c5l) | South America (m.06n3y),,,,,pending
webqsp_WebQTrn-2759,what times is it in texas,webqsp,Central Time Zone (m.02fqwt) | Mountain Time Zone (m.02hczc),,,,,pending
webqsp_WebQTrn-2613,who played bob ewell in to kill a mockingbird,webqsp,James Anderson (m.03wcq6q),,,,,pending
webqsp_WebQTrn-2075,what does julian clary do,webqsp,Actor (m.02hrh1q) | Comedian (m.018gz8) | Novelist (m.02xhgwq) | Presenter (m.015cjr) | Screenwriter (m.0dxtg),,,,,pending
webqsp_WebQTrn-2609,who speaks stewie on family guy,webqsp,Seth MacFarlane (m.021yw7),,,,,pending
webqsp_WebQTrn-684,what country speak english as native language,webqsp,Antigua and Barbuda (m.0l3h) | Australia (m.0chghy) | Bahamas (m.0160w) | Bangladesh (m.0162b) | Barbados (m.0162v) | Belize (m.0164b) | Bermuda (m.0165b) | Bonaire (m.0rdr4) | Botswana (m.0166v) | Brunei (m.0167v) | Cameroon (m.01nln) | Canada (m.0d060g) | Cayman Islands (m.01nty) | China (m.0d05w3) | Cook Islands (m.020p1) | Cura?ao (m.0hbgh) | Cyprus (m.01ppq) | Dominica (m.027nb) | England (m.02jx1) | Ethiopia (m.019pcs) | Fiji (m.02wt0) | Gambia (m.0hdx8) | Gazankulu (m.065skb) | Ghana (m.035dk) | Gibraltar (m.035hm) | Grenada (m.035yg) | Guam (m.034tl) | Guyana (m.034m8) | Honduras (m.03h2c) | Hong Kong (m.03h64) | India (m.03rk0) | Indonesia (m.03ryn) | Isle of Man (m.03t1s) | Israel (m.03spz) | Japan (m.03_3d) | Jersey (m.03_xj) | Jordan (m.03__y) | Kenya (m.019rg5) | Kiribati (m.047t_) | Laos (m.04hhv) | Lesotho (m.04hvw) | Liberia (m.04hzj) | Malaysia (m.09pmkv) | Malta (m.04v3q) | Mandatory Palestine (m.0h44w) | Marshall Islands (m.04v6v) | Montserrat (m.04wcf) | Namibia (m.05bmq) | Nauru (m.05br2) | New Zealand (m.0ctw_b) | Nigeria (m.05cgv) | Pakistan (m.05sb1) | Papua New Guinea (m.05qkp) | Philippines (m.05v8c) | Puerto Rico (m.05r7t) | Qatar (m.0697s) | Republic of Ireland (m.03rt9) | Rwanda (m.06dfg) | Saint Kitts and Nevis (m.06ryl) | Saint Lucia (m.06s0l) | Saint Vincent and the Grenadines (m.06s6l) | Samoa (m.06s9y) | Sierra Leone (m.06s_2) | Singapore (m.06t2t) | South Africa (m.0hzlz) | South Yemen (m.035hr8) | Sri Lanka (m.06m_5) | State of Palestine (m.01k0p4) | Sudan (m.06tw8) | Swaziland (m.06v36) | Tanzania (m.07dzf) | Territory of New Guinea (m.09wfqp) | Territory of Papua and New Guinea (m.026wtlf) | Timor-Leste (m.02lx0) | Tokelau (m.07f9q) | Transkei (m.016p5p) | Turks and Caicos Islands (m.07fr_) | Tuvalu (m.07fsv) | Uganda (m.07tp2) | United Kingdom (m.07ssc) | Vanuatu (m.07z5n) | Vatican City (m.07ytt) | Wales (m.0j5g9) | Zambia (m.088vb) | Zimbabwe (m.088q4),,,,,pending
webqsp_WebQTrn-2598,who is paul mccartney 's current wife,webqsp,Nancy Shevell (m.04n59yr),,,,,pending
webqsp_WebQTrn-1982,what movies did quentin tarantino star in,webqsp,Badlanders (m.0w29lz2) | Curdled (m.04jryv) | Dance Me to the End of Love (m.0w4hwpv) | Death Proof (m.03bxrfl) | Desperado (m.02zkjw) | Destiny Turns on the Radio (m.0b6j4zh) | Diary of the Dead (m.0gjtfm) | Django Unchained (m.0gwjw0c) | Double Dare (m.02qb14n) | Eddie Presley (m.026zsft) | Four Rooms (m.02pg45) | From Dusk till Dawn (m.029k4p) | Girl 6 (m.04jrzl) | God Said Ha! (m.051rk5c) | Grindhouse (m.084qpk) | Inglourious Basterds (m.02yvct) | Jackie Brown (m.0234j5) | Kill Bill Volume 1 (m.01rxyb) | Kill Bill Volume 2 (m.0gyv0b4) | Kisses in the Dark (m.0cs1gzj) | Little Nicky (m.03z20c) | My Best Friend's Birthday (m.04jr__) | Planet Terror (m.03bxrfz) | Pulp Fiction (m.0f4_l) | Reservoir Dogs (m.02h4658) | Sleep with Me (m.026tqdb) | Somebody to Love (m.04j1mv4) | Sukiyaki Western Django (m.027tf87) | The Coriolis Effect (m.0rph0cf) | The Muppets' Wizard of Oz (m.0569lx),,,,,pending
webqsp_WebQTrn-1228,what style of art did vincent van gogh do,webqsp,Post-Impressionism (m.015xrq),,,,,pending
webqsp_WebQTrn-735,who was josh groban in crazy stupid love,webqsp,Richard (m.0gv4xk6),,,,,pending
webqsp_WebQTrn-1221,what is the braves mascot,webqsp,Chief Noc-A-Homa (m.07vbvp) | Homer (m.07vbb7) | Rally (m.07vbfd),,,,,pending
webqsp_WebQTrn-2907,what is there fun to do in san diego,webqsp,Aquatica San Diego (m.01094zpg) | Balboa Park (m.033zn0) | Belmont Park (m.09f7hq) | Birch Aquarium (m.0gyhsd) | Cabrillo National Monument (m.06qlyn) | Children's Pool Beach (m.028bh_9) | Hotel del Coronado (m.04rfpv) | La Jolla Cove (m.02pt3vb) | Mission San Diego de Alcal¨¢ (m.0g72c) | Old Point Loma Lighthouse (m.0g4y9s) | Old Town San Diego State Historic Park (m.04c6gj) | Rock 'n' Roll San Diego Marathon (m.0fnfb4) | San Diego Zoo (m.01v05h) | San Diego Zoo Safari Park (m.096pq) | SeaWorld San Diego (m.0c8cjw) | Timken Museum of Art (m.03yncwm) | USS Midway (m.02400r),,,,,pending
webqsp_WebQTrn-2451,who does sam bradford play for,webqsp,St. Louis Rams (m.06x76),,,,,pending
webqsp_WebQTrn-83,when did the new york knicks win a championship,webqsp,1970 NBA Finals (m.0cs1x4) | 1973 NBA Finals (m.0cs1kg),,,,,pending
webqsp_WebQTrn-1664,who all has steve nash played for,webqsp,Dallas Mavericks (m.0jmcv) | Los Angeles Lakers (m.0jmk7) | Phoenix Suns (m.0jml5),,,,,pending
webqsp_WebQTrn-264,who is julia roberts married to 2012,webqsp,Daniel Moder (m.07207k8),,,,,pending
webqsp_WebQTrn-2620,where can you buy amazon kindle,webqsp,Amazon.com (m.0mgkg),,,,,pending
webqsp_WebQTrn-415,who is esther hicks,webqsp,Author (m.0kyk) | Writer (m.0cbd2),,,,,pending
webqsp_WebQTrn-233,what language people speak in afghanistan,webqsp,"Farsi, Eastern Language (m.02hwl5z) | Pashto language (m.0swlx)",,,,,pending
webqsp_WebQTrn-1789,who is henry david thoreau,webqsp,Philosopher (m.02h6fbs) | Poet (m.05z96) | Writer (m.0cbd2),,,,,pending
webqsp_WebQTrn-1971,what was william faulkner known for,webqsp,Novelist (m.02xhgwq) | Writer (m.0cbd2),,,,,pending
webqsp_WebQTrn-515,who is the prime minister of ethiopia now,webqsp,Hailemariam Desalegn (m.0dl1t3),,,,,pending
webqsp_WebQTrn-1099,who is hugh hefner dating now in 2012,webqsp,Izabella St. James (m.0fk86h),,,,,pending
webqsp_WebQTrn-3714,what professional baseball team did michael jordan play for,webqsp,Birmingham Barons (m.031pds) | Scottsdale Scorpions (m.0f3wm2),,,,,pending
webqsp_WebQTrn-2790,what clubs has messi played for,webqsp,Argentina national football team (m.02bh_v) | FC Barcelona (m.0hvgt) | FC Barcelona B (m.096cw_) | FC Barcelona C (m.0276tq4),,,,,pending
webqsp_WebQTrn-204,what is the zip code for minneapolis,webqsp,55401 (m.01_x_4z) | 55402 (m.01_yrpq) | 55403 (m.01_yrgm) | 55404 (m.01_yszb) | 55405 (m.01_ysl3) | 55406 (m.01_yrfl) | 55407 (m.01_yry4) | 55408 (m.01_yr_z) | 55409 (m.01_ys66) | 55410 (m.01_ydb4) | 55411 (m.01_yvfs) | 55412 (m.01_zhy6) | 55413 (m.01_ys37) | 55414 (m.01_yrlg) | 55415 (m.01_ytcq) | 55416 (m.01_yjfc) | 55417 (m.01_yqg4) | 55418 (m.01_yycq) | 55419 (m.01_ytb1) | 55420 (m.01_y0kh) | 55421 (m.01_y7w7) | 55422 (m.01_y9z4) | 55422-3330 (m.09rzq2n) | 55423 (m.01_yv9p) | 55424 (m.01_yd4v) | 55425 (m.01_y0gq) | 55426 (m.01_yjgp) | 55427 (m.01_yjjm) | 55428 (m.01_y3_x) | 55429 (m.01_y3h3) | 55430 (m.01_y3j5) | 55431 (m.01_y0jp) | 55432 (m.01_yhvb) | 55433 (m.01_y89x) | 55434 (m.01_x_8g) | 55435 (m.01_y0q_) | 55436 (m.01_ydmy) | 55437 (m.01_y0ms) | 55438 (m.01_y1yp) | 55439 (m.01_y0_0) | 55440 (m.07nqps9) | 55441 (m.01_yjqc) | 55442 (m.01_znb8) | 55443 (m.01_y467) | 55444 (m.01_y48c) | 55445 (m.01_y41c) | 55446 (m.01_zp8l) | 55447 (m.01_yxn1) | 55448 (m.01_y83k) | 55449 (m.01_x_qk) | 55450 (m.03ds9j3) | 55454 (m.01_yxyn) | 55455 (m.02wvhc5) | 55458 (m.07nqps2) | 55459 (m.07nqprw) | 55460 (m.07nqprn) | 55467 (m.07nqprf) | 55470 (m.07nqpr6) | 55472 (m.07nqpq_) | 55473 (m.07nqpqq) | 55474 (m.07nqpqh) | 55478 (m.07nqpq8) | 55479 (m.07nqpq1) | 55480 (m.07nqppv) | 55483 (m.07nqppm) | 55484 (m.07nqppd) | 55485 (m.07nqpp5) | 55486 (m.07nqpnz) | 55487 (m.07nqpnr) | 55488 (m.07nqpnj),,,,,pending
webqsp_WebQTrn-3411,where english is spoken in the world,webqsp,Antigua and Barbuda (m.0l3h) | Australia (m.0chghy) | Bahamas (m.0160w) | Bangladesh (m.0162b) | Barbados (m.0162v) | Belize (m.0164b) | Bermuda (m.0165b) | Bonaire (m.0rdr4) | Botswana (m.0166v) | Brunei (m.0167v) | Cameroon (m.01nln) | Canada (m.0d060g) | Cayman Islands (m.01nty) | China (m.0d05w3) | Cook Islands (m.020p1) | Cura?ao (m.0hbgh) | Cyprus (m.01ppq) | Dominica (m.027nb) | England (m.02jx1) | Ethiopia (m.019pcs) | Fiji (m.02wt0) | Gambia (m.0hdx8) | Gazankulu (m.065skb) | Ghana (m.035dk) | Gibraltar (m.035hm) | Grenada (m.035yg) | Guam (m.034tl) | Guyana (m.034m8) | Honduras (m.03h2c) | Hong Kong (m.03h64) | India (m.03rk0) | Indonesia (m.03ryn) | Isle of Man (m.03t1s) | Israel (m.03spz) | Japan (m.03_3d) | Jersey (m.03_xj) | Jordan (m.03__y) | Kenya (m.019rg5) | Kingdom of Great Britain (m.014tss) | Kiribati (m.047t_) | Laos (m.04hhv) | Lesotho (m.04hvw) | Liberia (m.04hzj) | Malaysia (m.09pmkv) | Malta (m.04v3q) | Mandatory Palestine (m.0h44w) | Marshall Islands (m.04v6v) | Montserrat (m.04wcf) | Namibia (m.05bmq) | Nauru (m.05br2) | New Zealand (m.0ctw_b) | Nigeria (m.05cgv) | Pakistan (m.05sb1) | Papua New Guinea (m.05qkp) | Philippines (m.05v8c) | Puerto Rico (m.05r7t) | Qatar (m.0697s) | Republic of Ireland (m.03rt9) | Rwanda (m.06dfg) | Saint Kitts and Nevis (m.06ryl) | Saint Lucia (m.06s0l) | Saint Vincent and the Grenadines (m.06s6l) | Samoa (m.06s9y) | Sierra Leone (m.06s_2) | Singapore (m.06t2t) | South Africa (m.0hzlz) | South Yemen (m.035hr8) | Sri Lanka (m.06m_5) | State of Palestine (m.01k0p4) | Sudan (m.06tw8) | Swaziland (m.06v36) | Tanzania (m.07dzf) | Territory of New Guinea (m.09wfqp) | Territory of Papua and New Guinea (m.026wtlf) | Timor-Leste (m.02lx0) | Tokelau (m.07f9q) | Transkei (m.016p5p) | Turks and Caicos Islands (m.07fr_) | Tuvalu (m.07fsv) | Uganda (m.07tp2) | United Kingdom (m.07ssc) | United States of America (m.09c7w0) | Vanuatu (m.07z5n) | Vatican City (m.07ytt) | Wales (m.0j5g9) | Zambia (m.088vb) | Zimbabwe (m.088q4),,,,,pending
webqsp_WebQTrn-703,what books did aristotle wrote,webqsp,Nicomachean Ethics (Large Print) (m.059cbcs) | Nicomachean Ethics (Loeb Classical Library?) (m.059cbd2) | Nicomachean Ethics (m.059cb4r) | Nicomachean Ethics (m.059cb51) | Nicomachean ethics (m.059c9_l) | Nicomachean ethics (m.059cb12) | Nicomachean ethics (m.059cb1l) | Nicomachean ethics (m.059cb22) | Nicomachean ethics (m.059cb6h) | Nicomachean ethics (m.059cb8b) | Nicomachean ethics (m.059cb96) | Nicomachean ethics (m.059cbb2) | Nicomachean ethics (m.059cbbl) | Nicomachean ethics (m.059cbc0) | Nicomachean ethics. (m.059cb02) | Nicomachean ethics. (m.059cb6z) | The Nicomachean Ethics (Great Books in Philosophy) (m.059cbdd) | The Nicomachean Ethics (Penguin Classics) (m.059cbch) | The Nicomachean Ethics (Wordsworth Classics) (Wordsworth Classics) (m.059cbdq) | The Nicomachean Ethics (m.059cb45) | The Nicomachean Ethics (m.059cb4g) | The Nicomachean Ethics (m.059cb5d) | The Nicomachean ethics (m.059cb0l) | The Nicomachean ethics (m.059cb2m) | The Nicomachean ethics (m.059cb33) | The Nicomachean ethics (m.059cb7f) | The Nicomachean ethics (m.059cb7w) | The Nicomachean ethics (m.059cb8s) | The Nicomachean ethics (m.059cb9n),,,,,pending
webqsp_WebQTrn-2864,what university did tony romo go to,webqsp,Eastern Illinois University (m.02zkdz),,,,,pending
webqsp_WebQTrn-1008,what important office did abraham lincoln hold,webqsp,Member of Illinois House of Representatives (m.052m6c2) | President of the United States (m.060d2) | United States Representative (m.02_bcst),,,,,pending
webqsp_WebQTrn-1055,what team does sergio aguero play for,webqsp,Argentina national football team (m.02bh_v) | Manchester City F.C. (m.01634x),,,,,pending
webqsp_WebQTrn-318,where is atlanta texas located,webqsp,Cass County (m.0msb1),,,,,pending
webqsp_WebQTrn-568,what county is charlotte north carolina,webqsp,Mecklenburg County (m.025rst1),,,,,pending
webqsp_WebQTrn-912,who is nina dobrev playing in perks of being a wallflower,webqsp,Candace (m.0gxr35z),,,,,pending
webqsp_WebQTrn-1212,what political system does russia use,webqsp,Constitutional republic (m.0c9rw5) | Federal republic (m.0j729) | Semi-presidential system (m.01dw03),,,,,pending
webqsp_WebQTrn-3257,who does cristiano ronaldo play for 2012,webqsp,Portugal national football team (m.02rqxc) | Real Madrid C.F. (m.06l22),,,,,pending
webqsp_WebQTrn-1440,who plays mary jane in spiderman 3,webqsp,Kirsten Dunst (m.04fzk),,,,,pending
webqsp_WebQTrn-2394,in what timezone is arizona,webqsp,Mountain Time Zone (m.02hczc),,,,,pending
webqsp_WebQTrn-1715,where george washington carver go to school,webqsp,Iowa State University (m.03v6t) | Minneapolis High School (m.076fk5z) | Simpson College (m.01xssh),,,,,pending
webqsp_WebQTrn-2057,what money does guatemala use,webqsp,Guatemalan quetzal (m.01crby),,,,,pending
webqsp_WebQTrn-1688,who was the voice of darth vader in episode iii,webqsp,Hayden Christensen (m.0f276),,,,,pending
webqsp_WebQTrn-2858,what to do in nadi fiji,webqsp,Denerau Beach (m.0k6xq19) | Garden of the Sleeping Giant (m.0jz1q62) | Koroyanitu National Park (m.0jz1q6f) | Kula Eco Park (m.03cybpb) | Mamanuca Islands (m.0934gl) | Nananu-i-Ra (m.095sm6) | Navala Bures (m.0k6xpc5) | Sri Siva Subramaniya temple (m.094tcx) | Subar Maniya (m.0k6xpst) | Yasawa (m.0921g5),,,,,pending
webqsp_WebQTrn-3015,what party did john tyler belong to,webqsp,Democratic Party (m.0d075m) | Whig Party (m.07wdw),,,,,pending
webqsp_WebQTrn-1896,what was jack london 's education,webqsp,"Oakland High School (m.025ygr9) | University of California, Berkeley (m.02zd460)",,,,,pending
webqsp_WebQTrn-1450,where is shoreditch,webqsp,England (m.02jx1) | London (m.04jpl),,,,,pending
webqsp_WebQTrn-587,where are you if you re in zagreb,webqsp,Croatia (m.01pj7) | Yugoslavia (m.087vz),,,,,pending
webqsp_WebQTrn-3035,who is the governor of wyoming currently,webqsp,Matt Mead (m.02rzfbm),,,,,pending
webqsp_WebQTrn-2113,who is president of pakistan 2012,webqsp,Asif Ali Zardari (m.03xhf_),,,,,pending
webqsp_WebQTrn-2975,what movies does johnny depp play in,webqsp,"21 Jump Street (m.0bq8tmw) | A Nightmare on Elm Street (m.08ll52) | Alice in Wonderland (m.04jpg2p) | Alice in Wonderland: Through the Looking Glass (m.0y4m_xb) | Arizona Dream (m.06lspc) | Before Night Falls (m.0clh4y) | Benny & Joon (m.028f12) | Black Mass (m.010pd7hh) | Blow (m.0n_hp) | Cannes Man (m.047dsy7) | Charlie and the Chocolate Factory (m.04pk1f) | Chocolat (m.05v38p) | Corpse Bride (m.050xxm) | Cry-Baby (m.052q5y) | Dark Shadows (m.09g7vfw) | Dead Man (m.0symg) | Deep Sea 3D (m.0g7nb_) | Divine Rapture (m.0ch3dxb) | Don Juan DeMarco (m.034nnw) | Donnie Brasco (m.06cpd9) | Ed Wood (m.02lxrv) | Edward Scissorhands (m.01s3vk) | Fear and Loathing in Las Vegas (m.0f8j13) | Finding Neverland (m.04165w) | Freddy's Dead: The Final Nightmare (m.08dl83) | From Hell (m.0c34mt) | Happily Ever After (m.0kv5xw) | Into the Woods (m.0w2sx8x) | Jack and Jill (m.0ch3qr1) | L.A. Without a Map (m.0kvd2g) | London Fields (m.02qfnrg) | Mortdecai (m.0y4n1sq) | Nick of Time (m.063dp0) | Once Upon a Time in Mexico (m.02t276) | Pirates of the Caribbean: At World's End (m.05nlx4) | Pirates of the Caribbean: Dead Man's Chest (m.03y0pn) | Pirates of the Caribbean: Dead Men Tell No Tales (m.0h_dv23) | Pirates of the Caribbean: On Stranger Tides (m.09v8clw) | Pirates of the Caribbean: The Curse of the Black Pearl (m.01vksx) | Platoon (m.0sxmx) | Private Resort (m.09hq9g) | Public Enemies (m.0g3zrd) | Rango (m.06w99h3) | Secret Window (m.02kvpf) | Shantaram (m.099vtk) | Sleepy Hollow (m.0fg04) | Slow Burn (m.04lgx5r) | Sonic the Hedgehog (m.042w0v2) | Sweeney Todd: The Demon Barber of Fleet Street (m.0ds11z) | The Astronaut's Wife (m.06v_2g) | The Brave (m.05s077) | The Devil, the Sinner, and His Journey (m.09gp2cp) | The Imaginarium of Doctor Parnassus (m.02r79_h) | The Libertine (m.06r1z1) | The Lone Ranger (m.0dsf7lf) | The Man Who Cried (m.056n0f) | The Ninth Gate (m.025_5c) | The Rum Diary (m.02wwmhc) | The Source (m.02qr8lh) | The Tourist (m.03z9585) | Transcendence (m.0v8_gw0) | Tusk (m.0x15942) | What's Eating Gilbert Grape (m.0306c6) | When You're Strange (m.05890x6) | Wild Roses, Tender Roses (m.0bmfzxx) | Yoga Hosers (m.011lzwh3)",,,,,pending
webqsp_WebQTrn-870,what was the milwaukee brewers old name,webqsp,Seattle Pilots (m.0fq2vj2),,,,,pending
webqsp_WebQTrn-1260,what city was robert kennedy killed in,webqsp,Los Angeles (m.030qb3t),,,,,pending
webqsp_WebQTrn-136,what are the main languages of nigeria,webqsp,English Language (m.02h40lc),,,,,pending
webqsp_WebQTrn-2360,what football teams did emmitt smith play for,webqsp,Arizona Cardinals (m.0ws7) | Dallas Cowboys (m.02896) | Florida Gators football (m.0ftf0f),,,,,pending
webqsp_WebQTrn-2151,who played giles on buffy the vampire slayer,webqsp,Anthony Head (m.014y6),,,,,pending
webqsp_WebQTrn-386,who influenced wolfgang amadeus mozart,webqsp,Carl Philipp Emanuel Bach (m.0fyv0) | George Frideric Handel (m.03bxh) | Johann Sebastian Bach (m.03_f0) | Joseph Haydn (m.043d4) | Michael Haydn (m.014t6l),,,,,pending
webqsp_WebQTrn-2056,what was the name of martin luther king jr parents,webqsp,"Alberta Williams King (m.04_wtm) | Martin Luther King, Sr. (m.04z9mm)",,,,,pending
webqsp_WebQTrn-1375,what inventions did da vinci made,webqsp,33-Barreled Organ (m.0w11h15) | Aerial Screw (m.0w11hbh) | Anemometer (m.012rm) | Armored car (m.0y8r) | Diving suit (m.01w6mc) | Double hull (m.0796wt) | Ornithopter (m.01x3y7) | Parachute (m.0cyfs) | Triple Barrel Canon (m.0w11gwh) | Viola organista (m.05my_3),,,,,pending
webqsp_WebQTrn-3075,what college did joakim noah attend,webqsp,University of Florida (m.0j_sncb),,,,,pending
webqsp_WebQTrn-3198,what movies has selena gomez starred in,webqsp,"A Jet-Setters Dream (m.0w03r9y) | Aftershock (m.0j_5r7f) | Another Cinderella Story (m.03h2kkl) | Arthur 3: The War of the Two Worlds (m.07xgs84) | Arthur and the Revenge of Maltazard (m.07kb79v) | Arwin! (m.026ykxv) | Barney: Please & Thank You (m.0ydw9bg) | Behaving Badly (m.0nfvql0) | Fashionista's Fantasy (m.0w03qlw) | Fifty Shades of Blue (m.0w03mr4) | Getaway (m.0jt0y88) | Gossip with the Girls (m.0w03ph7) | Horton Hears a Who! (m.0fk25m) | Hotel Transylvania (m.0gj96ln) | Hotel Transylvania 2 (m.0118fw_v) | In Dubious Battle (g.11b7k0v3hq) | Monte Carlo (m.0d8n8lx) | Pilot Season (m.0jt6hrm) | Princess Protection Program (m.03y7209) | Ramona and Beezus (m.05zs3tp) | Rudderless (m.0vpj6d0) | Spring Breakers (m.0hr256b) | Spy Kids 3-D: Game Over (m.025s1wg) | The Muppets (m.0ds5_72) | The Revised Fundamentals of Caregiving (g.11b6y9tkn4) | The Wizards Return: Alex vs. Alex (m.0nfcm4h) | Walker, Texas Ranger: Trial by Fire (m.0cr_ypd) | Wizards of Waverly Place: The Movie (m.05mxz8m) | Wizards on Deck with Hannah Montana (m.064qvcw)",,,,,pending
webqsp_WebQTrn-535,what is guatemala current system of government,webqsp,Constitutional republic (m.0c9rw5) | Presidential system (m.01d9r3) | Unitary state (m.01fpfn),,,,,pending
webqsp_WebQTrn-2830,where is madeira,webqsp,Atlantic Ocean (m.0j3b) | Azores Canaries Madeira (m.04g96mg) | Madeira Islands archipelago (m.0j_kh1k) | Portugal (m.05r4w),,,,,pending
webqsp_WebQTrn-3100,what is the dominican republic part of,webqsp,Americas (m.07c5l) | Greater Antilles (m.01rll_) | Latin America (m.04pnx) | North America (m.059g4) | Pa¨ªs (m.0jsr7mh),,,,,pending
webqsp_WebQTrn-3566,who plays shao kahn,webqsp,Brian Thompson (m.0f702q) | Frank Welker (m.02gf_l),,,,,pending
webqsp_WebQTrn-1985,what kind of drugs does charlie sheen do,webqsp,Cannabis (m.054yc0) | Cocaine (m.0256b) | Ethanol (m.02qvz) | Lysergic acid diethylamide (m.04g9r),,,,,pending
webqsp_WebQTrn-1521,what is north dakota state 's mascot,webqsp,Thundar (m.07g61_),,,,,pending
webqsp_WebQTrn-1376,what was lebron james rookie year,webqsp,2003¨C04 NBA season (m.07_x8s),,,,,pending
webqsp_WebQTrn-3067,what was vasco nunez de balboa original purpose of his journey,webqsp,Explorer (m.040vc4s) | Politician (m.0fj9f),,,,,pending
webqsp_WebQTrn-566,what style of art does andy warhol do,webqsp,Modern art (m.015r61) | Pop art (m.0q4mn),,,,,pending
webqsp_WebQTrn-827,what did george eastman make,webqsp,Roll film (m.017zc4),,,,,pending
webqsp_WebQTrn-1133,what type of language does peru speak,webqsp,Ayacucho Quechua (m.06qmrf) | Aymara language (m.01y5tq) | Omagua dialect (m.02hxk02) | Puquina Language (m.09_sxt) | Quechuan languages (m.03d9kg) | Spanish Language (m.06nm1) | Waorani Language (m.09j2hg),,,,,pending
webqsp_WebQTrn-1633,what continent is greenland located,webqsp,North America (m.059g4),,,,,pending
webqsp_WebQTrn-3622,what 5 countries border romania,webqsp,Bulgaria (m.015qh) | Hungary (m.03gj2) | Moldova (m.04w4s) | Serbia (m.077qn) | Ukraine (m.07t21),,,,,pending
webqsp_WebQTrn-2141,what type of political system does north korea have,webqsp,Juche (m.01gt0n) | Single-party state (m.0py4y) | Socialist state (m.025tbxf),,,,,pending
webqsp_WebQTrn-1173,who was arthur miller influenced by,webqsp,Henrik Ibsen (m.03pm9) | Sophocles (m.06pzl) | William Shakespeare (m.081k8),,,,,pending
webqsp_WebQTrn-1796,what year did detroit pistons win nba championships,webqsp,1989 NBA Finals (m.08x9tm) | 1990 NBA Finals (m.08x9rj) | 2004 NBA Finals (m.07p0zz),,,,,pending
webqsp_WebQTrn-3698,what language do people in czech republic speak,webqsp,Bulgarian Language (m.01bkv) | Croatian language (m.0k0sv) | Czech Language (m.01wgr) | German Language (m.04306rv) | Greek Language (m.0349s) | Hungarian language (m.02ztjwg) | Polish Language (m.05qqm) | Romani language (m.012psb) | Russian Language (m.06b_j) | Rusyn Language (m.013hyy) | Serbian language (m.0k0sb) | Slovak Language (m.06zvx) | Ukrainian Language (m.0cjk9),,,,,pending
webqsp_WebQTrn-488,where did matthew brady live,webqsp,New York City (m.02_286),,,,,pending
webqsp_WebQTrn-3427,who won the governor election in michigan,webqsp,Aaron T. Bliss (m.03n_76) | Albert Sleeper (m.075n9x) | Alex J. Groesbeck (m.075n57) | Alpheus Felch (m.02w3th) | Andrew Parsons (m.02x9fm) | Austin Blair (m.02xlnf) | Charles Croswell (m.0572xq) | Chase Osborn (m.07675c) | Cyrus G. Luce (m.0c4xj4) | David Jerome (m.0d2sc5) | Edwin B. Winans (m.03nrgv) | Epaphroditus Ransom (m.02x5sv) | Frank Fitzgerald (m.0751qp) | Frank Murphy (m.02jnth) | Fred M. Warner (m.0766wz) | Fred W. Green (m.075ngd) | G. Mennen Williams (m.04f_lh) | George W. Romney (m.01v6nf) | Harry Kelly (m.0750yd) | Hazen S. Pingree (m.07ff12) | Henry H. Crapo (m.0d2rq9) | Henry P. Baldwin (m.03jvb9) | James Blanchard (m.0259nw) | James Wright Gordon (m.02wy6m) | Jennifer Granholm (m.0259rd) | John Engler (m.043t3) | John J. Bagley (m.0d2s0k) | John S. Barry (m.02wv3s) | John Swainson (m.03xr_s) | John Tyler Rich (m.03n_59) | Josiah Begole (m.03nnrx) | Kim Sigler (m.04vwzf) | Kinsley S. Bingham (m.02wl66) | Luren Dickinson (m.0751k3) | Moses Wisner (m.02xh77) | Murray Van Wagoner (m.07512_) | Rick Snyder (m.0cqdxz) | Robert McClelland (m.02sjgc) | Russell A. Alger (m.03kwm5) | Stevens T. Mason (m.04bz1r) | Wilber M. Brucker (m.075nqv) | William Comstock (m.07629_) | William L. Greenly (m.02x0rh) | William Milliken (m.0259py) | William Woodbridge (m.02nj2d) | Woodbridge Nathan Ferris (m.01gc2c),,,,,pending
webqsp_WebQTrn-282,what money does jamaica use,webqsp,Jamaican dollar (m.04xc2m),,,,,pending
webqsp_WebQTrn-1360,what to see outside of paris,webqsp,"Arc de Triomphe (m.0zv_) | Bois de Boulogne (m.03q9jq) | Caf¨¦ Volpini (m.04kshc3) | Centre Georges Pompidou (m.0f32p) | Champs-¨¦lys¨¦es (m.0jd4j) | Chateau de Chambord (m.0m6_0) | Disneyland Paris (m.0k3xf) | Disneyland Park (m.04cj6k) | Eiffel Tower (m.02j81) | Folies Berg¨¨re (m.02gms9) | Galerie Claude Bernard (m.04s_s9l) | Galerie nationale du Jeu de Paume (m.01sp2r) | Gare d'Orsay (m.0383f3) | Grande Arche (m.0k0kz) | Jardin du Luxembourg (m.02qtwx) | La Maison Rouge (m.07kb30y) | Les Invalides (m.0gxqj) | Mus¨¦e Maillol (m.04695xf) | Mus¨¦e d'Orsay (m.0f3b9) | Mus¨¦e de l'Orangerie (m.0dt3ml) | Mus¨¦e des Arts et M¨¦tiers (m.0281qh) | Mus¨¦e du quai Branly (m.0dmnx6) | Notre Dame de Paris (m.0gtxh) | Panth¨¦on (m.0gsp5) | Parc Ast¨¦rix (m.042x0k) | Petit Palais (m.08dswn) | Place de la Concorde (m.0kx9d) | Sacr¨¦-C?ur, Paris (m.01q_np) | The Louvre (m.04gdr) | Verdon Gorge (m.03ydrj) | ?le de la Cit¨¦ (m.01vgd5)",,,,,pending
webqsp_WebQTrn-3475,where is danish located,webqsp,Europe (m.02j9z),,,,,pending
webqsp_WebQTrn-1294,what is vito corleone real name,webqsp,Marlon Brando (m.04__f) | Oreste Baldini (m.0nj8kct) | Robert De Niro (m.06cgy),,,,,pending
webqsp_WebQTrn-1552,who plays spike in buffy the vampire slayer,webqsp,James Marsters (m.01f9mq),,,,,pending
webqsp_WebQTrn-2851,what is the primary language of israel,webqsp,Arabic Language (m.0jzc) | Hebrew Language (m.03hkp),,,,,pending
webqsp_WebQTrn-2773,what was henry ford best known for,webqsp,Business magnate (m.025spv) | Businessperson (m.012t_z) | Engineer (m.09j9h) | Entrepreneur (m.09x_r) | Industrialist (m.02h6nc9) | Inventor (m.03sbb),,,,,pending
webqsp_WebQTrn-3010,who played atticus finch in the movie,webqsp,Gregory Peck (m.0k9j_),,,,,pending
webqsp_WebQTrn-1538,what team is ronaldinho on,webqsp,Brazil national football team (m.01352_) | Quer¨¦taro F.C. (m.01xn5n_),,,,,pending
webqsp_WebQTrn-1560,who was charles darwin married to,webqsp,Emma Darwin (m.02z3h4),,,,,pending
webqsp_WebQTrn-1719,who was niccolo machiavelli influenced by,webqsp,Aristotle (m.0gz_) | Cicero (m.01tf5) | Dante Alighieri (m.028p0) | Desiderius Erasmus (m.02rpq) | Leonardo da Vinci (m.04lg6) | Livy (m.04l7h) | Plato (m.05qmj) | Plutarch (m.063_9) | Tacitus (m.0pzhh) | Thucydides (m.07lbh),,,,,pending
webqsp_WebQTrn-3750,what team rasheed wallace,webqsp,Atlanta Hawks (m.0jm64) | Boston Celtics (m.0bwjj) | Detroit Pistons (m.0jm8l) | New York Knicks (m.0jm3v) | Portland Trail Blazers (m.0jmm4) | Washington Wizards (m.0jm5b),,,,,pending
webqsp_WebQTrn-1448,who was marilyn monroe 's parents,webqsp,Gladys Pearl Baker (m.0gxs_rr) | Martin Edward Mortensen (m.0gxs_rk),,,,,pending
webqsp_WebQTrn-2580,what are the four harry potter house names,webqsp,Gryffindor House (m.02vhpv1) | Hufflepuff House (m.02vhpw2) | Ravenclaw House (m.02vhpvc) | Slytherin House (m.02vhpvl),,,,,pending
webqsp_WebQTrn-3699,who plays riley finn on buffy the vampire slayer,webqsp,Marc Blucas (m.05fz7g),,,,,pending
webqsp_WebQTrn-3140,what kind of political system does iran have,webqsp,Islamic republic (m.01fgl7) | Parliamentary system (m.018wl5) | Presidential system (m.01d9r3) | Theocracy (m.07lg6) | Unitary state (m.01fpfn),,,,,pending
webqsp_WebQTrn-2077,where is the olympic national park located,webqsp,Jefferson County (m.0mmqb) | Washington (m.081yw),,,,,pending
webqsp_WebQTrn-1186,what did copernicus invented,webqsp,Copernican Revolution (m.02p6y2z) | Copernican heliocentrism (m.027lfyz) | Heliocentrism (m.01kf8z),,,,,pending
webqsp_WebQTrn-3244,who was the president of the us in 1971,webqsp,Richard Nixon (m.06c97),,,,,pending
webqsp_WebQTrn-2744,what is the dominican republic 's capital,webqsp,Santo Domingo (m.0fthl),,,,,pending
webqsp_WebQTrn-1758,what is the present form of government in iran,webqsp,Islamic republic (m.01fgl7) | Parliamentary system (m.018wl5) | Presidential system (m.01d9r3) | Theocracy (m.07lg6) | Unitary state (m.01fpfn),,,,,pending
webqsp_WebQTrn-1211,who are paul revere 's parents,webqsp,Apollos Rivoire (m.0qd6jv4) | Deborah Hitchborn (m.0qd6j_b),,,,,pending
webqsp_WebQTrn-11,what time zone am i in cleveland ohio,webqsp,Eastern Time Zone (m.02hcv8),,,,,pending
webqsp_WebQTrn-3402,what kind of government do the canadians have,webqsp,Constitutional monarchy (m.01q20) | Federal monarchy (m.0g3y9q) | Parliamentary system (m.018wl5),,,,,pending
webqsp_WebQTrn-2870,where did robert boyle study,webqsp,"Eton College (m.0dzbl) | University College, Oxford (m.0ymf1)",,,,,pending
webqsp_WebQTrn-2404,who is jason morgan married to in real life,webqsp,Sheree Gustin (m.0j6g561),,,,,pending
webqsp_WebQTrn-1249,what language do the people in ghana speak,webqsp,English Language (m.02h40lc),,,,,pending
webqsp_WebQTrn-3012,what other countries share a border with china,webqsp,Afghanistan (m.0jdd) | Bhutan (m.07bxhl) | India (m.03rk0) | Japan (m.03_3d) | Kazakhstan (m.047lj) | Kyrgyzstan (m.0jt3tjf) | Laos (m.04hhv) | Mongolia (m.04w8f) | Myanmar (m.04xn_) | Nepal (m.016zwt) | North Korea (m.05b7q) | Pakistan (m.05sb1) | Russia (m.06bnz) | Taiwan (m.06f32) | Tajikistan (m.07dvs) | Vietnam (m.01crd5),,,,,pending
webqsp_WebQTrn-2994,which states share borders with virginia,webqsp,Kentucky (m.0498y) | Maryland (m.04rrd) | North Carolina (m.05fkf) | Tennessee (m.07h34) | West Virginia (m.081mh),,,,,pending
webqsp_WebQTrn-3462,what is there to do in montpelier vt,webqsp,Ben & Jerry's Waterbury Factory (m.059qf07) | Bragg Farm Sugarhouse and Gift Shop (m.059qf82) | Cold Hollow Cider Mill (m.04yr3vt) | Down To Earth Worm Farm of Vermont (m.059m0t5) | Fairbanks Museum and Planetarium (m.03m93j1) | Green Mountain Film Festival (m.0gsx_6) | Hyde Park Opera House (m.059lxq3) | Jed's Maple (m.059m198) | Karm¨º Ch?ling (m.08p8jq) | Mount Mansfield (m.02h_zx) | Spider Web Farm (m.059qdq4) | USS Montpelier Museum (m.059qfky) | Vermont Granite Museum (m.04yr22z) | Vermont History Museum (m.04yr24v) | Vermont Icelandic Horse Farm (m.059qdvl) | Vermont State House (m.046frb) | Weathered Barn Doll Museum (m.059qdds),,,,,pending
webqsp_WebQTrn-1404,who plays jackson gibbs on ncis,webqsp,Ralph Waite (m.06nzp7),,,,,pending
webqsp_WebQTrn-3,what country is the grand bahama island in,webqsp,Bahamas (m.0160w),,,,,pending
webqsp_WebQTrn-2099,who was philip randolph,webqsp,Social activist (m.04hx60) | Trade unionist (m.05vd69b),,,,,pending
webqsp_WebQTrn-3069,what political system is in china,webqsp,Communist state (m.01fkst) | Single-party state (m.0py4y) | Socialist state (m.025tbxf),,,,,pending
webqsp_WebQTrn-306,what does australia export,webqsp,Agriculture (m.0hkf) | Energy industry (m.02h66y8),,,,,pending
webqsp_WebQTrn-1166,what type of political system does iran have,webqsp,Islamic republic (m.01fgl7) | Parliamentary system (m.018wl5) | Presidential system (m.01d9r3) | Theocracy (m.07lg6) | Unitary state (m.01fpfn),,,,,pending
webqsp_WebQTrn-1868,who was king george v father,webqsp,Edward VII (m.0cm03),,,,,pending
webqsp_WebQTrn-3544,where is arabic the official language,webqsp,Algeria (m.0h3y) | Bahrain (m.0161c) | Djibouti (m.027jk) | Iraq (m.0d05q4) | Israel (m.03spz) | Jordan (m.03__y) | Lebanon (m.04hqz) | Libya (m.04gqr) | Mauritania (m.04vjh) | Morocco (m.04wgh) | Oman (m.05l8y) | Qatar (m.0697s) | Saudi Arabia (m.01z215) | South Yemen (m.035hr8) | Sudan (m.06tw8) | Syria (m.06vbd) | Tunisia (m.07fj_) | United Arab Emirates (m.0j1z8) | Yemen (m.01z88t),,,,,pending
webqsp_WebQTrn-1637,who did wayne gretzky play 4,webqsp,Edmonton Oilers (m.0jnmj),,,,,pending
webqsp_WebQTrn-1827,what is the local currency in the dominican republic,webqsp,Dominican peso (m.04lt7_),,,,,pending
webqsp_WebQTrn-1138,what countries has spanish as their official language,webqsp,Argentina (m.0jgd) | Bolivia (m.0165v) | Chile (m.01p1v) | Colombia (m.01ls2) | Costa Rica (m.01p8s) | Cuba (m.0d04z6) | Dominican Republic (m.027rn) | Ecuador (m.02k1b) | El Salvador (m.02k8k) | Emirate of Granada (m.04lglk0) | Equatorial Guinea (m.02kcz) | Guatemala (m.0345_) | Honduras (m.03h2c) | Independent Republic of Zulia (m.0417l2t) | Netherlands Antilles (m.05byy) | Nicaragua (m.05c74) | Panama (m.05qx1) | Paraguay (m.05v10) | Peru (m.016wzw) | Puerto Rico (m.05r7t) | Spain (m.06mkj) | Spanish Empire (m.01s47p) | Uruguay (m.07twz) | Venezuela (m.07ylj) | Western Sahara (m.0gn8n),,,,,pending
webqsp_WebQTrn-1373,what language do you speak in finland,webqsp,"Finnish Language (m.01gp_d) | Saami, Inari Language (m.02lpg6) | Saami, North Language (m.04d36l) | Swedish Language (m.06mp7)",,,,,pending
webqsp_WebQTrn-2216,what is charlotte north carolina known for,webqsp,Bechtler Museum of Modern Art (m.09k6h_2) | Billy Graham Library (m.02vnhrq) | Bojangles' Coliseum (m.05g_v0l) | Carolinas Aviation Museum (m.0cq5c0) | Carowinds (m.04td00) | Discovery Place (m.03g_2kj) | Freedom Park (m.03d5y3g) | Land of Oz (m.0gjc5k) | NASCAR Hall of Fame (m.0635_7) | North Carolina Blumenthal Performing Arts Center (m.0fxjdx) | North Carolina Performing Arts Center at Charlotte Foundation (m.0g0c28) | U.S. National Whitewater Center (m.0c2m75),,,,,pending
webqsp_WebQTrn-2635,what state is toronto in,webqsp,Ontario (m.05kr_),,,,,pending
webqsp_WebQTrn-1431,which college did barack obama attend,webqsp,Columbia University (m.01w5m) | Harvard Law School (m.014zws) | Occidental College (m.05q2c),,,,,pending
webqsp_WebQTrn-3125,what city uses gmt,webqsp,Abidjan (m.0fmyd) | Accra (m.0fnyc) | Arun (m.01w4p8) | Babergh (m.029stl) | Belfast (m.01l63) | Birmingham (m.0k33p) | Borough of Bedford (m.02k93b) | Borough of Milton Keynes (m.01_3dd) | Borough of Woking (m.02p7lmn) | Bristol (m.095l0) | Calderdale (m.01s93m) | Cambridge (m.0978r) | Cape Coast (m.01_3yx) | Cardiff (m.01s3v) | Cherwell District (m.01_bd0) | Chichester District (m.02df_l) | Christchurch (m.01dg2n) | City of Leeds (m.02z3d8) | City of St Albans (m.01zg85) | City of Winchester (m.02hvkf) | Copeland (m.029rrq) | Cotswold District (m.020rj6) | Dacorum (m.029s74) | Dakar (m.0c1xm) | Derbyshire Dales (m.01z8rg) | East Hampshire (m.029s3q) | East Hertfordshire (m.029s6d) | East Lindsey (m.02737v) | Eastbourne (m.0174qm) | Edinburgh (m.02m77) | Exeter (m.02m__) | Glasgow (m.0hyxv) | Gloucester (m.0hc8h) | Huntingdonshire (m.012wcl) | Kingston upon Hull (m.0fm2_) | Kumasi (m.025y67) | Leeds (m.04p3c) | Leicester (m.0dhdp) | Lewes (m.02df_6) | Lincoln (m.04jt2) | Lisbon (m.04llb) | Liverpool (m.04lh6) | London (m.04jpl) | Mid Devon (m.029rtk) | Mid Sussex (m.014mk7) | Monrovia (m.01pxqx) | New Forest District (m.02z1fd) | North Devon (m.029rty) | North Dorset (m.029r_v) | North East Derbyshire (m.01zf_3) | North Norfolk (m.029skd) | North Somerset (m.01zjlg) | Norwich (m.0q34g) | Nottingham (m.09tlh) | Oxford (m.05l5n) | Peterborough (m.05zhg) | Reading (m.0b_yz) | Reykjavik (m.06flg) | Rochford District (m.02z8np) | Saint Peter Port (m.03csky) | Sevenoaks District (m.02hvbs) | Sheffield (m.0m75g) | South Kesteven (m.02738l) | South Lakeland (m.029rrb) | South Norfolk (m.029shj) | South Somerset (m.029spt) | Southampton (m.0grd7) | Southend-on-Sea (m.01d8wq) | Stratford-on-Avon District (m.0294vz) | Stroud District (m.02k9_b) | Suffolk Coastal (m.029ssg) | Tandridge District (m.029sxl) | Teignbridge (m.029ryg) | Tema (m.06qzsz) | Three Rivers District (m.038p71) | Vale of White Horse (m.027zr0) | Warwick District (m.0294xb) | Welwyn Hatfield (m.01m2bf) | West Dorset (m.029r_2) | West Oxfordshire (m.029snq) | West Somerset (m.029sq_) | Western Area Urban District (m.026204c) | Wilmslow (m.03ns64) | York (m.088cp),,,,,pending
webqsp_WebQTrn-813,where is singapore on a world map,webqsp,Asia (m.0j0k) | Eurasia (m.02qkt) | Southeast Asia (m.073q1),,,,,pending
webqsp_WebQTrn-388,what language do they speak in iceland wikipedia,webqsp,Icelandic Language (m.01gmkg),,,,,pending
webqsp_WebQTrn-538,which countries does russia border,webqsp,Azerbaijan (m.0jhd) | Belarus (m.0163v) | China (m.0d05w3) | Estonia (m.02kmm) | Finland (m.02vzc) | Georgia (m.0d0kn) | Kazakhstan (m.047lj) | Latvia (m.04g5k) | Lithuania (m.04gzd) | Mongolia (m.04w8f) | North Korea (m.05b7q) | Norway (m.05b4w) | Poland (m.05qhw) | Ukraine (m.07t21),,,,,pending
webqsp_WebQTrn-2358,where did newt gingrich attend college,webqsp,Emory University (m.0bqxw) | Tulane University (m.0160nk),,,,,pending
webqsp_WebQTrn-2860,what is the dominant language of jamaica,webqsp,Jamaican English (m.01428y),,,,,pending
webqsp_WebQTrn-2816,what does kat dennings star in,webqsp,Big Momma's House 2 (m.0811_b) | Charlie Bartlett (m.02vq583) | Daydream Nation (m.0crx4f4) | Defendor (m.05ztyqq) | Down in the Valley (m.0d1tgy) | Lives of the Saints (m.0gxw7g1) | London (m.0bk6nc) | Nick & Norah's Infinite Playlist (m.03cyslc) | Raise Your Voice (m.04gz04) | Shorts (m.05qpqj6) | Suburban Gothic (m.0125h18g) | The 40-Year-Old Virgin (m.06fpsx) | The Answer Man (m.04cv8_z) | The House Bunny (m.0408m53) | The Scream Team (m.0frpxh) | Thor (m.062zjtt) | Thor: The Dark World (m.0j9knfv) | To Write Love on Her Arms (m.0h_cvyh) | Wanderlust (m.05my82g),,,,,pending
webqsp_WebQTrn-2229,where were the chickasaw indians located,webqsp,Oklahoma (m.05mph),,,,,pending
webqsp_WebQTrn-3333,where did bronx tale take place,webqsp,United States of America (m.09c7w0),,,,,pending
webqsp_WebQTrn-2380,where was karl marx buried,webqsp,Highgate Cemetery (m.0j70p),,,,,pending
webqsp_WebQTrn-37,what sport do the toronto maple leafs play,webqsp,Ice Hockey (m.03tmr),,,,,pending
webqsp_WebQTrn-1447,who did the cleveland browns draft,webqsp,Brady Quinn (m.08gf9t) | Braylon Edwards (m.05byjc) | Jeff Faine (m.0bdv4h) | Joe Thomas (m.0fjtlw) | Johnny Manziel (m.0n45_f7) | Justin Gilbert (m.0h_5dlc) | Kamerion Wimbley (m.0cwfp6) | Kellen Winslow II (m.03tt9p) | Ryan Miller (m.0dljy80) | Terrance West (m.0xnbrpw) | Trent Richardson (m.076vn8w),,,,,pending
webqsp_WebQTrn-3734,what party did paul keating belong to,webqsp,Australian Labor Party (m.0q96),,,,,pending
webqsp_WebQTrn-3486,what to do in ottawa ontario today,webqsp,Billings Estate Museum (m.0826cd) | Bytown Museum (m.07_hr6) | CFS Carp (m.03q4gx) | Canada Agriculture Museum (m.03963z) | Canada Aviation and Space Museum (m.03966d) | Canada Science and Technology Museum (m.042wft) | Canadian Museum of Contemporary Photography (m.039613) | Canadian Museum of Nature (m.0266k_) | Canadian Ski Museum (m.03cymk3) | Canadian War Museum (m.01kw4z) | Centrepointe Theatre (m.02r8kj8) | Currency Museum (m.06zntx5) | Logos Land (m.09rvcx) | National Gallery of Canada (m.02g7cm) | Nepean Museum (m.02pv10j) | Rideau Hall (m.01q67r),,,,,pending
webqsp_WebQTrn-3373,what to do in daytona,webqsp,Daytona 500 Experience (m.0c18rf) | Daytona Beach Bike Week (m.08j0k7) | Daytona International Speedway (m.027rnt) | Daytona Lagoon (m.04mz450) | Halifax Historical Museum (m.0260dxn) | Jackie Robinson Ballpark (m.067f5c) | Mary McLeod Bethune Home (m.0h4ncm) | Museum of Arts and Sciences (m.02z4mj0) | Ocean Center (m.068vzy) | South Beach Street Historic District (m.0fqspb),,,,,pending
webqsp_WebQTrn-3604,what to see near austin,webqsp,Ann W. Richards Congress Avenue Bridge (m.02rlk08) | Austin Aquarium (m.0vzsjtm) | Barton Springs Pool (m.03xlkf) | Blanton Museum of Art (m.0bxyz_) | Bullock Texas State History Museum (m.0fljtq) | Cathedral of Junk (m.055p3fc) | Harry Ransom Center (m.03s9xh) | Lady Bird Johnson Wildflower Center (m.0jwl321) | Lady Bird Lake (m.0163ss) | Lake Austin (m.0165v1) | Lyndon Baines Johnson Library and Museum (m.05r95y) | Texas Department of Public Safety Historical Museum and Research Center (m.0fpc1v3) | Texas Memorial Museum (m.02vr6yr) | Texas State Capitol (m.02j53x) | William Sidney Porter House (m.02pvcrn) | Zilker Park (m.0163z0),,,,,pending
webqsp_WebQTrn-999,what influenced william morris to be an artist,webqsp,John Ruskin (m.0k5mt),,,,,pending
webqsp_WebQTrn-53,what year did william jennings bryan run for president,webqsp,1896 Democratic National Convention (m.0b4pfj) | 1900 Democratic National Convention (m.0fr77c) | 1908 Democratic National Convention (m.0dv63j),,,,,pending
webqsp_WebQTrn-2514,what time is kansas in,webqsp,Central Time Zone (m.02fqwt) | Mountain Time Zone (m.02hczc),,,,,pending
webqsp_WebQTrn-1622,what instrument does mike huckabee play,webqsp,Bass guitar (m.018vs),,,,,pending
webqsp_WebQTrn-2606,what is bethenny frankel husband name,webqsp,Jason Hoppy (m.0j6k0h7),,,,,pending
webqsp_WebQTrn-1534,what county is minneapolis mn in,webqsp,Hennepin County (m.0nhmw),,,,,pending
webqsp_WebQTrn-1502,who did mike tomlin play for,webqsp,William & Mary Tribe football (m.07s4hxr),,,,,pending
webqsp_WebQTrn-2469,what 's the egyptian currency,webqsp,Egyptian pound (m.04phzg),,,,,pending
webqsp_WebQTrn-559,what college did james franco go to,webqsp,"Brooklyn College (m.01vg13) | Columbia University School of the Arts (m.025rrjh) | Rhode Island School of Design (m.02s62q) | Tisch School of the Arts (m.04b_46) | University Yale (m.08815) | University of California, Los Angeles (m.09f2j) | Warren Wilson College (m.03ysv6)",,,,,pending
webqsp_WebQTrn-691,where is headquarters of verizon,webqsp,New York City (m.02_286),,,,,pending
webqsp_WebQTrn-2353,who is the president of brazil now,webqsp,Dilma Rousseff (m.026m5c8),,,,,pending
webqsp_WebQTrn-453,what currency do they accept in kenya,webqsp,Kenyan shilling (m.05yxpb),,,,,pending
webqsp_WebQTrn-605,who was tex beneke,webqsp,Bandleader (m.029bkp) | Musician (m.09jwl) | Saxophonist (m.02h66dr) | Singer (m.09l65),,,,,pending
webqsp_WebQTrn-372,what do catholics call their god,webqsp,God (m.0d05l6) | Holy Spirit (m.03qsc) | Jesus Christ (m.045m1_) | The Father (m.077_fbm),,,,,pending
webqsp_WebQTrn-1060,who is susan st james,webqsp,Actor (m.02hrh1q),,,,,pending
webqsp_WebQTrn-2261,when did the chicago bulls win their first championship,webqsp,1991 NBA Finals (m.08x9qv),,,,,pending
webqsp_WebQTrn-2941,what is the state flower of pennsylvania,webqsp,Kalmia latifolia (m.04bxc),,,,,pending
webqsp_WebQTrn-176,where was gabriel faure born,webqsp,Pamiers (m.063bzq),,,,,pending
webqsp_WebQTrn-1466,what does the letters eu stand for,webqsp,Europa Universalis (m.01sxhr) | European Union (m.0_6t_z8) | Experience Unlimited (m.06hgr5),,,,,pending
webqsp_WebQTrn-3282,who played howard stern in private parts,webqsp,Him/Herself (m.021y7s_),,,,,pending
webqsp_WebQTrn-2855,what city was ronald reagan born in,webqsp,Tampico (m.0sj7b),,,,,pending
webqsp_WebQTrn-2293,what county is lancaster ca located in,webqsp,Los Angeles County (m.0kpys),,,,,pending
webqsp_WebQTrn-3768,what art movement does vincent van gogh belong to,webqsp,Post-Impressionism (m.015xrq),,,,,pending
webqsp_WebQTrn-1371,who makes lois griffin voice,webqsp,Alex Borstein (m.03jldb),,,,,pending
webqsp_WebQTrn-3551,who was president when the us navy department was established,webqsp,John Adams (m.03_js),,,,,pending
webqsp_WebQTrn-3076,what channel does anderson cooper come on,webqsp,CNN (m.0gsgr),,,,,pending
webqsp_WebQTrn-1103,what are some sights to see in rome,webqsp,Altare della Patria (m.070y6f) | Apostolic Palace (m.01tk_r) | Appian Way (m.0cspx) | Archbasilica of St. John Lateran (m.01d_2s) | Basilica di Santa Maria Maggiore (m.02zjzq) | Basilica of Saint Paul Outside the Walls (m.01d_3y) | Baths of Caracalla (m.027x2k) | Bioparco di Roma (m.0gszqz) | Bocca della Verit¨¤ (m.02z0f9) | Capitoline Hill (m.012c_2) | Castel Sant'Angelo (m.01rjqb) | Catacombs of Rome (m.0184wm) | Circus Maximus (m.099k7) | Colosseum (m.0d5qx) | Domus Aurea (m.01gw1q) | Fontana delle Naiadi (m.027njzr) | Galleria Borghese (m.036_2f) | Hadrian's Villa (m.06519j) | Palazzo Barberini (m.07_bf4) | Palazzo Chigi (m.02r6mvk) | Palazzo Farnese (m.01vg9f) | Palazzo Spada (m.0874tw) | Palazzo Venezia (m.08chmx) | Pantheon (m.01xzdz) | Piazza Navona (m.02z0_2) | Piazza Venezia (m.09pct3) | Piazza del Popolo (m.09xnwr) | Policlinico Umberto I (m.05b2vw7) | Pyramid of Cestius (m.03f7gc) | Quirinal Palace (m.01pyrb) | Raphael Rooms (m.053h3z) | Roma-Ostia Half Marathon (m.0gg9hqc) | Roman Forum (m.0n16t) | Rome Observatory (m.09vgb9) | San Nicola in Carcere (m.026qcrj) | Santa Maria sopra Minerva (m.03l438) | Seven Pilgrim Churches of Rome (m.08m73_) | Sistine Chapel (m.0kbls) | Spanish Steps (m.01_jls) | St. Peter's Basilica (m.0jnym) | Tabularium (m.03f8l8) | Trevi Fountain (m.01xgt5) | Vatican City (m.07ytt) | Vatican Museums (m.01hfkb) | Via Veneto (m.03wbgny) | Villa d'Este (m.02kp1h),,,,,pending
webqsp_WebQTrn-1277,what language do you speak in iran,webqsp,"Afshar language (m.0fq4jq) | Arabic Language (m.0jzc) | Armenian Language (m.0xrg) | Assyrian Neo-Aramaic Language (m.04w042) | Azerbaijani language (m.01bcw_) | Balochi language (m.0gl97) | Gilaki Language (m.09k7n_) | Khalaj, Turkic Language (m.07k3wd) | Khorasani Turkish Language (m.0fqmnr) | Kumzari Language (m.040blg) | Kurdish languages (m.0b1g2) | Luri language (m.03h871) | Mazanderani Language (m.09hn84) | Pashto language (m.0swlx) | Persian Language (m.032f6) | Qashqa'i Language (m.03gg_5) | Talysh language (m.0bqk9s) | Turkmen Language (m.01m3f7)",,,,,pending
webqsp_WebQTrn-3330,what george washington carver famous for,webqsp,Inventor (m.02k76m0),,,,,pending
webqsp_WebQTrn-3619,where is italian spoken around the world,webqsp,Argentina (m.0jgd) | Brazil (m.015fr) | Croatia (m.01pj7) | Gozo (m.0rpgpql) | Italy (m.03rjj) | Mexico (m.0b90_r) | Republic of Genoa (m.02q14r) | San Marino (m.06sff) | Slovenia (m.06t8v) | Switzerland (m.06mzp) | Vatican City (m.07ytt),,,,,pending
webqsp_WebQTrn-231,which airport to fly in rome,webqsp,Ciampino¨CG. B. Pastine International Airport (m.033_52) | Leonardo da Vinci¨CFiumicino Airport (m.01ky5r),,,,,pending
webqsp_WebQTrn-3492,what is tibetan language,webqsp,Amdo Tibetan (m.05fb9dg) | Balti Language (m.02m3bw) | Dzongkha Language (m.020gly) | Gongduk Language (m.02hxp6w) | Gurung language (m.095gcr) | Khams Tibetan (m.08g721) | Khengkha Language (m.02hx1d8) | Kurt?p language (m.02hx1pw) | Ladakhi Language (m.03dh42) | Mongolian language (m.0148c4) | Sikkimese Language (m.09g_ln) | Standard Tibetan (m.064r7fk) | Tamang language (m.095hnm) | Tangut (m.02hwtv6) | Tawang language (m.04tcky) | Tshangla Language (m.02hx1h3),,,,,pending
webqsp_WebQTrn-3152,who wrote luke bryan 's drunk on you,webqsp,Chris Tompkins (m.05chlcv) | Josh Kear (m.02qk17r) | Rodney Clawson (m.05cxfgy),,,,,pending
webqsp_WebQTrn-1771,when did the colts last win the superbowl,webqsp,Super Bowl XLI (m.04k5qm),,,,,pending
webqsp_WebQTrn-3514,where did andreas vesalius die,webqsp,Zakynthos Island (m.01t0n2),,,,,pending
webqsp_WebQTrn-495,what government system does north korea have,webqsp,Juche (m.01gt0n) | Single-party state (m.0py4y) | Socialist state (m.025tbxf),,,,,pending
webqsp_WebQTrn-1480,what tourist attractions are in houston texas,webqsp,"Bayou Bend Collection and Gardens (m.03y8vk2) | Children's Museum of Houston (m.03c98h6) | Downtown Aquarium, Houston (m.0cc7kjq) | George R. Brown Convention Center (m.05170t) | Gerald D. Hines Waterwall Park (m.076v_2) | Hanna¨CBarbera Land (m.0dhl0g) | Houston Arboretum and Nature Center (m.0263t14) | Houston Marathon (m.09q54f) | Houston Museum of Natural Science (m.09vjh0) | Houston Zoo (m.01_nc_) | Kemah Boardwalk (m.03ynr2) | Lakewood Church (m.02nqnj) | Lyndon B. Johnson Space Center (m.0182y2) | Museum of Fine Arts, Houston (m.0cfztb) | Rothko Chapel (m.026fxz) | Sam Houston Race Park (m.02z52c3) | Space Center Houston (m.0fy56_) | The Galleria (m.01v9bf) | Toyota Center (m.01tx3t) | USS Texas (BB-35) (m.019r17) | Wet'n'Wild SplashTown (m.063g1w)",,,,,pending
webqsp_WebQTrn-1606,when last did real madrid win the champions league,webqsp,2014 UEFA Champions League Final (m.0gytd9j),,,,,pending
webqsp_WebQTrn-1884,what represents ghana,webqsp,Flag of Ghana (m.02c0s8),,,,,pending
webqsp_WebQTrn-1107,who was governor of texas in 2003,webqsp,Rick Perry (m.02nlj_),,,,,pending
webqsp_WebQTrn-2776,what movies has chris colfer been in,webqsp,8 (m.0ngl265) | Glee Encore (m.0h4y8jg) | Glee: The 3D Concert Movie (m.0h1fktn) | Russel Fish: The Sausage and Eggs Incident (m.09g6jrt) | Struck by Lightning (m.0gyj2ls),,,,,pending
webqsp_WebQTrn-2368,what to do around krabi thailand,webqsp,Ao Phra Nang (m.0k6zhtb) | Ao Tha Len Bay (m.0k6zhpt) | Hat Noppharat Beach (m.0k6zjqf) | Khao Phanom Bencha National Park (m.0k6zm1_) | Ko Lanta Yai (m.07m1yw) | Nosey Parker's Elephant Camp (m.0k6zjcg) | Phra Nang Beach (m.0k6zhkl) | Railay Beach (m.05_sdt) | Tiger Cave Temple (m.0k6zhbn) | Tup Island (m.0k6zhn3),,,,,pending
webqsp_WebQTrn-3374,who does paul walker play in fast and furious,webqsp,Brian O'Conner (m.05t0z12),,,,,pending
webqsp_WebQTrn-3235,what made roald dahl famous,webqsp,Author (m.0kyk) | Novelist (m.02xhgwq) | Poet (m.05z96) | Screenwriter (m.0dxtg) | Writer (m.0cbd2),,,,,pending
webqsp_WebQTrn-862,what movies does leo howard play in,webqsp,Aussie & Ted's Great Adventure (m.0crrk72) | Children of the Corn (m.0807n3z) | Conan the Barbarian (m.0bhc5kw) | G.I. Joe: The Rise of Cobra (m.03qcfvw) | Logan (m.07k983r) | Shorts (m.05qpqj6),,,,,pending
webqsp_WebQTrn-65,what timezone is australia gmt,webqsp,Australian Central Time Zone (m.0y497zw) | Australian Eastern Time Zone (m.0y497_m) | Australian Western Time Zone (m.0y4980d) | Casey Time Zone (m.0y498qn) | Central Western Time Zone (m.0y498v7) | Christmas Island?Time Zone (m.0y49954) | Cocos Islands?Time Zone (m.0y49994) | Davis?Time Zone (m.0y499p1) | Heard and McDonald Islands?Time Zone (m.0y49btq) | Lord Howe Time Zone (m.0y4dpjf) | Mawson Station?Time Zone (m.0y4dr4c) | Norfolk?Time Zone (m.0y4drym),,,,,pending
webqsp_WebQTrn-2095,what continent is belize located in,webqsp,North America (m.059g4),,,,,pending
webqsp_WebQTrn-2939,what did jerry sandusky do to the children,webqsp,Indecent assault (m.02fl8d) | Involuntary deviate sexual intercourse (m.0k08b4p),,,,,pending
webqsp_WebQTrn-3259,what team did kobe bryant play for first,webqsp,Charlotte Hornets (m.02z8z6),,,,,pending
webqsp_WebQTrn-817,what did bob ross die of,webqsp,Lymphoma (m.0jdk0),,,,,pending
webqsp_WebQTrn-1090,where do most chinese live,webqsp,Jingjinji (m.011f3wbn),,,,,pending
webqsp_WebQTrn-815,what is the main language of israel,webqsp,Arabic Language (m.0jzc) | Hebrew Language (m.03hkp),,,,,pending
webqsp_WebQTrn-673,what is the jurisdiction of the us supreme court,webqsp,United States of America (m.09c7w0),,,,,pending
webqsp_WebQTrn-3343,what cities are included in maricopa county,webqsp,"A and F Trailer Court (m.0488783) | A and F Trailer Park (m.048878m) | A-1 Trailer Park (m.0488794) | Admiral Trailer Park (m.048879n) | Adobe Mountain Trailer Park (m.04887b4) | Agua Caliente, Arizona (m.048817f) | Agua Fria (m.0488r7y) | Aguila (m.0dk8ky) | Aire Libre Mobile Home Park (m.04887c4) | Alhambra (m.04139y7) | Allah (m.04881by) | Allenville (m.0488rn8) | Alma Gardens (m.04887cn) | Alta Mira (m.04887d9) | Ambassador Downs Mobile Home Park (m.04887dt) | Amberwood (m.04887fd) | Amberwood II (m.04887fx) | Amberwood North (m.04887gd) | Ambrosia Mill (m.0488j94) | Andalusia (m.04887gx) | Anthem (m.04vsr9) | Apache Acres Trailer Park (m.0488n6g) | Apache Junction (m.0qpgy) | Apache Wells (m.0488n6z) | Apache West Mobile Village (m.04887hd) | Apollo Mobile Home Park (m.04887hx) | Aristocrat Trailer Park (m.04887jd) | Arizona Acres Mobile Home Resort (m.0488n7m) | Arlington (m.0dk8np) | Arrowhead Ranch (m.04887jx) | Autumn Ridge (m.04887kd) | Avondale (m.0qph9) | Basking Ridge (m.04887ky) | Beardsley (m.0487_sh) | Belaire Manor (m.04887lg) | Bethany Grand Mobile Home Park (m.04887l_) | Bethany Villa Adult Mobile Home Park (m.04887mh) | Beverly Trailer Park (m.04887m_) | Big Horn (m.04881nh) | Big Palm Trailer Park (m.04887np) | Big Pine Mobile Home Park (m.04887pg) | Biltmore Gates (m.04887p_) | Blue Bell Mobile Home Park (m.04887qh) | Bona Venture Mobile Home Park (m.04887r1) | Bonds Trailer Park (m.04887rk) | Bosque (m.04881w1) | Braemar VII (m.04887s1) | Brandywine (m.04887sk) | Breckenridge Manor (m.04887t1) | Brentwood Mobile Manor (m.04887tk) | Bridgeport (m.04887v1) | Brighton Place (m.04887vk) | Bristol Square (m.04887w1) | Broadway Trailer Court (m.04887wk) | Bronze Boot (m.04887xb) | Buckeye (m.0qphp) | Buckhorn (m.0488jnc) | Buenavante (m.04887xv) | Bumstead, Arizona (m.048810f) | Burgundy Hill (m.04887yb) | Byrds Mobile Park (m.04887yv) | Cactus (m.0488124) | Cactus Gale V (m.04887zb) | Cactus Villa (m.04887zv) | Cambridge Heights (m.04887_b) | Camel (m.04887_x) | Camelback East (m.02qm9cc) | Camelback Estates IV (m.048880d) | Camelback Trailer Ranch (m.048880x) | Camelot Luxury Homes (m.048881d) | Camp Creek (m.0488jr7) | Canyon Run (m.048881y) | Canyon View (m.048882g) | Canyon Village (m.048882z) | Capri Village (m.048883q) | Carefree (m.01z4l79) | Carefree Foothills (m.04880wc) | Cartwright (m.0488c0b) | Casa Linda (m.0488849) | Casa Rica (m.048884t) | Casa de Francisco Mobile Home Park (m.0488859) | Casa del Sol Resorts (m.0488861) | Casa del Sol Resorts Number One (m.048886k) | Casas del Campo Mobile Home Park (m.0488871) | Cashion (m.0dk8pq) | Cave Creek (m.0qpjf) | Cedar Ridge (m.048887k) | Central City (m.04139_9) | Central Ridge (m.0488881) | Centura West (m.048888k) | Chador Mobile Home Park (m.0488891) | Chandler (m.0qpjt) | Chandler Heights, Arizona (m.0488jy0) | Chaparral (m.048889n) | Cherokee Mobile Village (m.0488n8j) | Cheyenne Village (m.04888b5) | Chimney Hill (m.04888bp) | Chiulikam (m.04882bw) | Chris-Town Travel Trailer and Mobile Home Park (m.04888c5) | Cimarron (m.04888cz) | Cinco Soles (m.04888dl) | Circle City (m.0dk8r2) | Citrus Gardens (m.0488n90) | Citrus Grove Trailer Court (m.04888f2) | Citrus Grove Trailer Park (m.04888fl) | Citrus Hills (m.04888g2) | Citrus Park (m.0488kv1) | Claremont Place (m.04888gn) | Clearview Hills (m.04888h4) | Cloverleaf (m.04888hn) | Co-op Village (m.0488l20) | Cobblestone Square (m.04888jh) | College Park (m.04888k0) | Colonial Coronita (m.04888kj) | Colony South (m.04888l0) | Conger (m.04882hp) | Contempo Tempe (m.04888lj) | Continental Tempe (m.04888m0) | Continental Village (m.04888n0) | Copper Kettle Trailer Villa (m.04888nj) | Coral Sands Mobile Estates (m.0488n9j) | Corona Village (m.04888p0) | Cotton Center (m.04882l_) | Cottonwood Ranch (m.04888pj) | Country Club Trailer Grove (m.04888q3) | Country Club Village Mobile Home Park (m.04888qm) | Country Cousins Mobile Mecca (m.04888rg) | Country Greens at Villa de Paz (m.04888r_) | Country Hills Mobile Estates (m.04888sh) | Country Horizons (m.04888t5) | Country Meadows (m.04888tp) | Country Ridge (m.04888v5) | Country Trace (m.04888vp) | Country Villa (m.04888w6) | Countryside Mobile Home Park (m.04888x2) | Crag (m.04882pk) | Crestview (m.04888xn) | Currys Corner (m.0488n3t) | Cypress Estates (m.04888y4) | DC Ranch (m.04880yw) | DeLuxe Trailer Court (m.04888z5) | Deer Creek (m.04888_6) | Deer Valley (m.04888_w) | Deer Valley, Phoenix, Arizona (m.05n_79h) | Desert Bell Estates II (m.048890c) | Desert Gem Mobile Home Park (m.048890w) | Desert Highlands (m.04880zc) | Desert Pines (m.048891c) | Desert Sage Mobile Manor (m.0488926) | Desert Valley Estates (m.048892q) | Desert View, Phoenix, Arizona (m.05p29l7) | Desert Villas (m.0488937) | Desert Vista Estates III (m.0488nb6) | Desert Wind (m.04880vw) | Desert Wind II (m.048893x) | Dixie (m.04882tl) | Dixileta Verde (m.04880xw) | Dobson Shores (m.048894y) | Dollbeer Mobile Home Ranch (m.0488nbq) | Doubletree Canyon (m.048895f) | Dove Valley Ranch (m.04880tw) | Dreamland Villa (m.0488nc6) | Dunhill Meadows (m.048896d) | Dunhill Place (m.0488970) | Dusk File (m.048897j) | East Mesa (m.0488ncq) | Eighteen Bells Mobile Home Park (m.0488980) | El Dorado Mobile Home Resort (m.048898j) | El Mar Trailer Court (m.0488990) | El Mirage (m.0qpk6) | El Paseo (m.04889b0) | El San Juan Trailer Park (m.04889bj) | El Sereno-La Rosa Trailer Inn (m.04889c0) | Elmwood Trailer Park (m.04889cj) | Encanto (m.02876z7) | Ensenada del Oro (m.04889d0) | Esplanada (m.04889dj) | Estados de La Mancha II (m.04889fj) | Estate Monterra (m.04889g0) | Estates La Colina (m.04889gq) | Estrella (m.04882zp) | Estrella Camp (m.04882_5) | Estrella Estates Family Park (m.04889h6) | Estrella, Phoenix, Arizona (m.05pcp7b) | Evergreen Villa Mobile Home Park (m.04889hw) | Fairwood VIII (m.04889jc) | Falfa (m.04882_p) | Fennemore (m.0488305) | Fiesta Park (m.0488nd6) | Firebrand Ranch (m.04889kc) | Flamingo Mobile Home Resort (m.04889kw) | Forepaugh (m.048832p) | Fort McDowell, Arizona (m.0ch20dp) | Fountain East (m.0488ndq) | Fountain Hills (m.01z50zj) | Fountain of the Sun (m.0488nf6) | Fowler (m.0488r2h) | Fox Glen (m.04889lc) | Freeman (m.0488355) | Fuller Ranch (m.04889lx) | Gainey Ranch (m.04889md) | Germann (m.0488365) | Gila Bend (m.0qpkz) | Gila Crossing, Arizona (m.0488r6b) | Gilbert (m.0qpl9) | Gillespie (m.048837r) | Gladden (m.048838r) | Glen Canyon Trailer Park (m.04889my) | Glendale (m.0qplq) | Glenview Estates (m.04889ng) | Goldbadge (m.0488397) | Golden West Estates (m.04889nz) | Goodyear (m.01z54vh) | Grandview Mobile Home Park (m.04889pt) | Granite Reef Estates (m.0488kr0) | Green Acres Trailer Court (m.04889q9) | Green Tree Mobile Home Park (m.04889qt) | Green Valley Trailer Park (m.04889r9) | Greenbriar (m.04889rt) | Greenbrier East (m.04889s9) | Greenfield Estates (m.0488nfq) | Greenfield Park (m.0488ng6) | Greenhaven Mobile Park (m.04889t9) | Greentrails (m.04889tt) | Greenway Park V (m.04889v9) | Guadalupe (m.0qpmk) | Hacienda Solano Park (m.04889vt) | Hacienda de Valencia (m.0488ngw) | Haciendas del Lago (m.04889wb) | Hamilton Corner (m.04883jr) | Happy Valley Ranch (m.04889wv) | Harmony Villa (m.0488kwx) | Harqua (m.04889xc) | Hassayampa, Arizona (m.04883ls) | Heatherbrook (m.04889xy) | Helena (m.04883p8) | Heritage Court (m.04889yf) | Heritage Highlands (m.04889y_) | Heritage North Ranch (m.04889zh) | Heritage Terrace (m.04889_0) | Hi View Mobile Home Park (m.04889_j) | Hidden Acres Mobile Home Park (m.0488b00) | Highland Terrace Mobile Home Park (m.0488b0k) | Hightown (m.0488rj6) | Higley (m.0fyw2g) | Hohokam Village (m.0488b11) | Hoka Tiki Mobile Village (m.0488b1k) | Holiday Spa Mobile Home Park (m.0488b21) | Holiday Village Mobile Home Park (m.0488b2k) | Homestead (m.0488b31) | Horse Mesa (m.0488k_g) | Horseshoe Mobile Home Park (m.0488b3k) | Hyde Park (m.0488b42) | Indian Springs (m.0488b4m) | Ironwood Terrace (m.0488b58) | J and M Trailer Park (m.0488b5s) | Kaka (m.0488rsx) | Karmella Mobile Home Park (m.0488b68) | Keats Crossing (m.0488b6t) | Kensington (m.0488b7b) | Kingsgate (m.0488b7w) | Knoell East (m.0488b8c) | Knoell Mesa (m.0488b8w) | Komatke (m.02vmn86) | Kon Tiki Mobile Home Park (m.0488b9c) | Kyrene (m.0488rxv) | La Casa Trail Mobile Villa (m.0488nhc) | La Fontana Heights (m.0488b9w) | La Montana del Sur (m.0488bbd) | La Terraza (m.0488bbx) | LaLoma Ranch (m.0488ry_) | Lake Biltmore Estates (m.0488bcd) | Las Alegres (m.0488nhw) | Las Villas (m.0488bd5) | Laveen (m.092ry8) | Lazona Trailer Court (m.0488bdp) | Lazy D Trailer Ranch (m.0488bf5) | Lazy Daze Mobile Home Park (m.0488bfp) | Lazy J Trailer Lodge (m.0488bg5) | Legante Paseo (m.0488bgp) | Legend Estates (m.0488bh5) | Lehi, Mesa (m.0488rzk) | Leisure Time Mobile Park (m.0488bhp) | Leisure World, Arizona (m.0488qw4) | Lemontree (m.0488njc) | Lexington Place (m.0488bj5) | Liberty (m.02pmjyr) | Liberty Village (m.0488bjp) | Links Point (m.0488bk5) | Litchfield (m.048846y) | Litchfield Junction (m.048847f) | Litchfield Park (m.01z5b2l) | Lizard (m.048848f) | Lone Butte Ranch (m.0488s0b) | Lone Mountain Ranch (m.04880vc) | Longhaven West (m.0488bkp) | Longhorn Ranch II (m.0488bl5) | Lookout Mountain (m.0488blp) | Los Maderas (m.0488bm5) | Los Tesoros (m.0488bmp) | Maricopa Village (m.0488s45) | Marinette, Arizona (m.0bmffll) | Marlborough Meadows (m.0488bn5) | Marlborough Mesa (m.0488bnp) | Marlborough Park (m.0488qgc) | Maryland West Mobile Home Park (m.0488bp5) | Maryvale Terrace (m.0488bpp) | Maryvale Village (m.05q4128) | Matthie (m.04884ff) | Mayflower Terrace (m.0488bq5) | McClintock Manor (m.0488bqp) | McCormick Ranch (m.098t2h) | McDowell Mountain Ranch (m.04880yc) | McMicken (m.04884gy) | McQueen (m.04884hf) | Meadowvale (m.0488brp) | Mesa (m.0qpn9) | Mesa Grande Trailer Ranch (m.0488bs5) | Midges Court (m.0488bss) | Midway (m.04884kf) | Minnesota Court (m.0488bt8) | Mirador (m.0488bts) | Mission Monterey (m.0488bv8) | Mission Valley (m.0488qwv) | Mobile (m.083zy8) | Moivayi (m.04884lp) | Montara (m.0488bvs) | Montclair Terrace (m.0488bw8) | Montecito Mobile Home Estates (m.0488bws) | Montezuma (m.04884m5) | Moon Valley Canyon (m.0488bx9) | Morado Encanto (m.0488bxt) | Morristown (m.02pmjk0) | Mountain View Meadows (m.0488by9) | Mountain View Mobile Home Park (m.0488byt) | Mountain Vista (m.0488bz9) | New Hope Trailer Park (m.0488nk9) | New Horizons (m.0488bzv) | Normal Junction (m.04884ww) | North Gateway, Phoenix, Arizona (m.05p9qsl) | North Mountain, Phoenix, Arizona (m.05nzw2h) | Nortons Corner (m.0488s9l) | Oakhurst (m.0488b_b) | Ocotillo (m.0488sbz) | Olive West (m.0488b_v) | Orangetree (m.0488c0v) | Orangetree Estates (m.0488c1b) | Orangewood Village Mobilehome Park (m.0488c20) | Overland Trail (m.0488c2k) | Pacific Mobile Manor (m.0488nkt) | Palm Lakes Village (m.0488c31) | Palm Shadows Mobile Home Park (m.0488c3k) | Palmaritas (m.0488c4h) | Palmas Royale (m.0488c4_) | Palmas del Sol (m.0488nl9) | Palms Trailer Park (m.0488c5j) | Palo Verde (m.02pmjr6) | Papago (m.0488530) | Papago Peaks Village (m.0488c6h) | Paradise City (m.0488c6_) | Paradise Grove Family Park (m.0488c7h) | Paradise Grove Trailer Park (m.0488c80) | Paradise Palms Trailer Resorts (m.0488c8l) | Paradise Valley (m.0qpp3) | Paradise Valley Miranda (m.0488c93) | Paradise Valley Oasis (m.0488c9q) | Paradise Valley, Phoenix, Arizona (m.05pb182) | Paradise Village North II (m.0488cb6) | Park Place Travel Resort (m.0488nlt) | Parkside (m.0488cbr) | Parkview Estates (m.0488cc8) | Parkview Mesa (m.0488ccs) | Parkview North (m.0488cdh) | Parkview Village Mobile Home and Recreational Vehicle Park (m.0488cfl) | Parkwood (m.0488cg2) | Parque Vista Estates (m.0488cgl) | Peacock Village (m.0488ch2) | Pensfield Place (m.0488chl) | Peoria (m.0qpph) | Pepper Ridge (m.0488cj6) | Pepper Tree Mobile Home Park (m.0488cjq) | Pepperwood (m.0488ck6) | Perryville (m.0488sj1) | Peterson (m.048855j) | Phoenix (m.0d35y) | Piedra (m.048857g) | Pinnacle Paradise (m.0488cks) | Pinnacle Peak Estates I (m.0488cl8) | Pinnacle Peak Estates III (m.0488cls) | Pinnacle Peak Heights (m.0488nm9) | Pinnacle Peak Heights IV (m.0488nmt) | Pinnacle Peak Shadows (m.0488cm8) | Pinnacle Peak Village (m.0488cmw) | Pioneer Estates (m.0488cnc) | Pioneer Village II (m.0488cnw) | Point of Rocks (m.04885c4) | Pony Acres Mobile Home Park (m.0488cpd) | Pozo (m.0488srv) | Prado del Sol (m.0488cpx) | Preston Hills (m.0488cql) | Pueblo Sereno Mobile Home Park (m.0488cr3) | Purple Sage Mobile Home Park (m.0488crm) | Quail Country Place (m.0488cs3) | Quail Lane (m.0488csm) | Quail Place (m.0488ct3) | Quail Valley (m.0488ctn) | Queen Creek (m.01z7g9n) | Raintree (m.0488cvn) | Raintree Luxury Homes (m.0488cw4) | Rambling Rons Mobile Home Park (m.0488cwp) | Rancho Encanto (m.0488cx5) | Rancho Hermoso (m.0488cxp) | Rancho Mobile Estates (m.0488cy5) | Rancho Rio Vista Mobile Home Park (m.0488cyp) | Rancho San Carlos (m.0488cz6) | Rancho Santa Fe (m.0488czr) | Rancho de Arboleda (m.0488c_8) | Rancho de Chandler (m.0488c_s) | Reata Pass (m.0488m4v) | Redwood Gardens Mobile Home Park (m.0488d08) | Renaissance (m.0488d0s) | Reynolds Trailer Court (m.0488d18) | Ridgegate (m.0488d1s) | Rio Vista (m.0413b2r) | Road Junction Windmill (m.0488m6c) | Roadrunner Mobile Home Park (m.0488d2v) | Rocky Point (m.04885nh) | Roles Inn of America (m.0488d3b) | Rollin W Mobile Home Ranch (m.0488d3v) | Rose Garden Place (m.0488d4b) | Rose Garden Place III (m.0488d51) | Royal Estates West (m.0488d5k) | Royal Palm Travel Trailer and Mobile Home Park (m.0488d61) | Royal Palm Village (m.0488nnr) | Saddle (m.04885r1) | Saddlehorn Ranch (m.0488d6k) | Sagewood (m.0488d71) | Saint Johns Mission (m.0488d7k) | Salt River (m.0488q_8) | San Carlos (m.0488d81) | San Gabriel (m.0488d8k) | San Lucy Village (m.0487_g2) | San Miguel (m.0488d91) | San Tan Mobile Village (m.0488d9m) | Sandalwood (m.0488db3) | Sanokai Village (m.0488dbm) | Santa Maria (m.0487_lb) | Santiago (m.0488dcd) | Santo Tomas (m.0488dcx) | Scottsdale (m.0qpqn) | Scottsdale Ranch (m.0488ddg) | Scottsdale Trailer Corral (m.0488ddz) | Sentinel (m.0487_mr) | Serape (m.04885z5) | Shadow Canyon (m.0488dfg) | Shadow Hills (m.0488dfz) | Shadow Mountain (m.0488dgh) | Shadow Mountain Village Scottsdale (m.0488dg_) | Shadow Ridge II (m.0488dhh) | Shady Ranch Trailer Lodge (m.0488djh) | Shamrock Mobile Home Park (m.0488dj_) | Shawmut (m.04885zp) | Sheffield Place (m.0488dkh) | Shiloh Canyon (m.0488dk_) | Silver Spur Ranch (m.0488np7) | Silver Spur Village (m.0488npr) | Silvergate II (m.0488dlv) | Silvergate Trails (m.0488dmc) | Sincuidados (m.04880xc) | Singing Spur Mobile Park (m.0488dmw) | Skyline Heights (m.0488dng) | Sleepy Hollow Trailer Village (m.0488dnz) | Smurr (m.0488635) | Sonora Town (m.0487_th) | South Mountain, Phoenix, Arizona (m.05p816c) | Southern Acres Mobile Home Park (m.0488dpn) | Southern Palms Trailer Park (m.0488dq4) | Squaw Peak Terrace (m.0488dqn) | Stagecoach Trailer Park (m.0488dr4) | Stanwix (m.048866p) | Starlite Trailer Park (m.0488drv) | Steeplechase (m.0488dsb) | Stewart Mountain Trailer Park (m.0488nqf) | Stonegate Crossing (m.0488dsv) | Stony Mountain Villas (m.0488dtp) | Summer Mesa (m.0488nqy) | Summer Place Trails (m.0488dv5) | Summer Place Village (m.0488dvp) | Summerplace Green (m.0488dw5) | Sun City Grand (m.051bms) | Sun Grove Mobile Home Park (m.0488dwq) | Sun Tech (m.0488dx7) | Sun Valley Mobile Home Park (m.0488dxv) | Sunburst Homes (m.0488dyq) | Suncrest Villas East (m.0488dzn) | Suncrest Villas Mesa (m.0488d_h) | Suncrest Villas West (m.0488d__) | Sundad (m.0487_y7) | Sunflower, Arizona (m.0488mmw) | Sunny Acres Trailer Village (m.0488nrf) | Sunny Slope Mobile Home Park (m.0488f1m) | Sunnyslope, Arizona (m.0487_yw) | Sunray Manor (m.0488f23) | Sunridge IV (m.0488f2z) | Sunrise Terrace (m.0488f3g) | Sunrise Village Mobile Home Park (m.0488nry) | Sunscape Homes (m.0488f41) | Sunset Hills (m.0488f4k) | Sunset North (m.0488f51) | Sunset Trail Ranch (m.0488nsf) | Sunset Village (m.0488f5k) | Sunset Vista (m.0488f62) | Sunshine Acres (m.0488mnw) | Sunshine Valley Mobile Home Park (m.0488f6t) | Suntrails (m.0488f7b) | Suntree (m.0488f7v) | Sunview (m.0488f8b) | Superstition Country Subdivision (m.0488nsy) | Surprise (m.01z8362) | Sweetwater Garden (m.0488f8v) | Sweetwater Ranch (m.0488f9m) | Taliverde (m.0488fbk) | Tartron (m.04886ft) | Tempe (m.0qpsn) | Tempe Cascade (m.0488fc1) | Tempe Royal Palms (m.0488fck) | The Citadel (m.0488fd4) | The Covey (m.0488fdn) | The Haciendas (m.0488ff4) | The Home Place (m.0488ffq) | The Lakes (m.0488fgf) | The Landings (m.0488fgy) | The Pointe (m.0488fj8) | The Pointe at South Mountain (m.0488fjt) | The Preserve (m.0488fkb) | The Town Square (m.0488fkv) | The Trails III (m.0488fll) | The West Winds Trailer Court (m.0488fm2) | Theba, Arizona (m.0487__p) | Thomas Trailer Court (m.0488fn3) | Three Fountains (m.0488fnm) | Thunderbird Palms II (m.0488fp3) | Thunderbird Valley Number Two (m.0488fpm) | Tiburon (m.0488fq4) | Tiki Tai Village (m.0488fqn) | Tolleson (m.0qpt1) | Tonopah (m.04mkpz) | Tonto Hills Subdivision (m.0488qd1) | Tortilla Flat (m.054xqk) | Totopitk (m.04886nj) | Tovrea (m.04886p0) | Trail Inn Lodge (m.0488fr7) | Trail-R-Dale Mobile Home Park (m.0488frr) | Trailer Corral (m.0488fs7) | Tremaine (m.04886pj) | Triple T Mobilcity (m.0488fsr) | Troon Village (m.04880zw) | Trovia (m.04880ww) | Turf Mobile Manor (m.0488ft1) | Turf Trailer Lodge (m.0488fty) | Turtle Creek (m.0488fvk) | Twin Knolls (m.0488ntf) | Union Hills Manor (m.0488fw1) | University Mobile Home Park (m.0488fwk) | Val Vista Trailer Park (m.0488fx1) | Valencia (m.048805l) | Valley Mobile Homes Estate (m.0488fxp) | Valley View (m.0488fy5) | Velda Rose Estates (m.0488nty) | Velda Rose Gardens (m.0488nvf) | Venture Out (m.0488nvy) | Verde Real (m.0488fyp) | Villa Monte Vista (m.0488fz5) | Villa Novena (m.0488f_5) | Villa Vista (m.0488f_p) | Village Fairways (m.0488g05) | Village Park (m.0488g0p) | Village of Gila Springs (m.0488g15) | Village on the Lakes (m.0488g1p) | Villas Plaza (m.0488g2f) | Vista Alegre (m.0488g2y) | Vista del Cerro (m.0488g3f) | Wabash Trailer Court (m.0488g3y) | Waddell (m.028b5xq) | Wagon Wheel Mobile Ranch (m.0488g4f) | Warner Park (m.0488g4z) | Wayne (m.04886zg) | Webb (m.04886_4) | Weedville (m.04880bv) | Wellington Court (m.0488g5k) | West Chandler (m.0488704) | West End (m.048870n) | West Mesa Trailer Court (m.0488g61) | Westbriar (m.0488g6k) | Westbrook Village (m.0488g71) | Westcliff Park (m.0488g7k) | Western Acres Mobile Home Park (m.0488g81) | Western Palms Mobile Home Community (m.0488g8k) | Westerra (m.0488g91) | Westgreen Estates (m.0488g9k) | Westridge Park (m.0488gb1) | Westwind (m.0488gbl) | Wheel Inn Ranch (m.0488gc2) | White Tanks (m.04880d1) | Wickenburg (m.0qptf) | Wigwam Villa Mobile Home Park (m.0488gcl) | Wild Flower (m.0488gcx) | WillowBrook II (m.0488gdd) | Willows West (m.0488gdx) | Windemere (m.0488gfd) | Windmill (m.0488gfx) | Windsong (m.0488ggd) | Windsor Square (m.0488ggx) | Winnwood Homes (m.0488ghd) | Wintersburg (m.02q3dbc) | Wishing Well Trailer Park (m.0488ghx) | Wittmann (m.0c7btt) | Womack East (m.0488gjd) | Wonder Rift (m.0488gjx) | Woodbridge Crossing (m.0488gkd) | Woodcreek (m.0488gl2) | Woodglen (m.0488gll) | Woodland Heights (m.0488gm2) | Woodleaf (m.0488gml) | Woodleaf II (m.0488gn2) | Woodridge Lakes (m.0488gnl) | Woodridge VI (m.0488gp2) | Woodside (m.0488gpl) | Wranglers Roost (m.0488n27) | Young America Homes (m.0488gq2) | Youngtown (m.01z9g5l)",,,,,pending
webqsp_WebQTrn-2423,what god does taoism believe in,webqsp,Cai Shen (m.0j626gb) | Cao Guojiu (m.01g7kl) | Han Xiangzi (m.01gcpc) | He Xiangu (m.01g7jh) | Jade Emperor (m.01tbmq) | Lan Caihe (m.01g7m0) | Li Tieguai (m.01g7ln) | L¨¹ Dongbin (m.01g7rf) | Magu (m.02rj87h) | Queen Mother of the West (m.0258q8) | Three Pure Ones (m.025964) | Yuanshi Tianzun (m.09n_d1) | Zhang Guolao (m.01gcpr) | Zhongli Quan (m.01gcqh),,,,,pending
webqsp_WebQTrn-2078,when does the world cup occur,webqsp,Every 4 Years (m.02sjt6q),,,,,pending
webqsp_WebQTrn-3527,what language did ancient romans write in,webqsp,Greek Language (m.0349s) | Latin Language (m.04h9h),,,,,pending
webqsp_WebQTrn-2734,what language do argentina use,webqsp,Guaran¨ª language (m.02w_hsv) | Italian Language (m.02bjrlw) | Quechuan languages (m.03d9kg) | Spanish Language (m.06nm1) | Yiddish Language (m.0880p),,,,,pending
webqsp_WebQTrn-1920,where is chowchilla located,webqsp,California (m.01n7q) | Madera County (m.0l2gz) | United States of America (m.09c7w0),,,,,pending
webqsp_WebQTrn-1238,what are west african countries,webqsp,Benin (m.0164v) | Biafra (m.0c3fp) | Burkina Faso (m.01699) | Dahomey (m.02fdq) | Gambia (m.0hdx8) | Ghana (m.035dk) | Guinea (m.03676) | Guinea-Bissau (m.036b_) | Ivory Coast (m.0fv4v) | Liberia (m.04hzj) | Mali (m.04v09) | Mauritania (m.04vjh) | Nigeria (m.05cgv) | People's Republic of Benin (m.0fsfyj) | Senegal (m.06srk) | Sierra Leone (m.06s_2) | Togo (m.07f5x),,,,,pending
webqsp_WebQTrn-422,what type of art is henri matisse famous for,webqsp,Fauvism (m.04lx1) | Impressionism (m.03xj1) | Modern art (m.015r61) | Modernism (m.04y41) | Neo-impressionism (m.049xrv),,,,,pending
webqsp_WebQTrn-667,what jobs did harriet tubman have,webqsp,Activist (m.0j_7vl6) | Writer (m.0cbd2),,,,,pending
webqsp_WebQTrn-1366,who did kat graham play in parent trap,webqsp,Jackie (m.0gft0zl),,,,,pending
webqsp_WebQTrn-1706,who controls panama,webqsp,Juan Carlos Varela (m.06zmv9x),,,,,pending
webqsp_WebQTrn-3550,what region is thailand located in,webqsp,Southeast Asia (m.073q1),,,,,pending
webqsp_WebQTrn-1997,where did the welsh language originate from,webqsp,Brythonic Group (m.05tjlvr),,,,,pending
webqsp_WebQTrn-1234,which ocean does the murray river flow into,webqsp,Southern Ocean (m.06nqw),,,,,pending
webqsp_WebQTrn-668,where does unesco operate,webqsp,Paris (m.05qtj),,,,,pending
webqsp_WebQTrn-2877,what war did george washington help win,webqsp,American Revolutionary War (m.0jnh) | Battle of Brandywine (m.014pd3) | Battle of Fort Duquesne (m.06kd6y) | Battle of Fort Necessity (m.05f78h) | Battle of Fort Washington (m.0b364c) | Battle of Germantown (m.020_gf) | Battle of Harlem Heights (m.02fnwp) | Battle of Jumonville Glen (m.066xwk) | Battle of Long Island (m.01g09p) | Battle of Monmouth (m.01k0s4) | Battle of Pell's Point (m.04m2k9) | Battle of Princeton (m.01g0dx) | Battle of Trenton (m.01hgpt) | Battle of White Marsh (m.0h42fq) | Battle of White Plains (m.0247w9) | Battle of the Assunpink Creek (m.07h0q2) | Battle of the Clouds (m.02pjz77) | Battle of the Monongahela (m.05b6mx0) | Boston campaign (m.062pq1) | Braddock Expedition (m.01gphc) | Fortification of Dorchester Heights (m.08knpp) | French and Indian War (m.09r3f) | Landing at Kip's Bay (m.02g1n3) | New York and New Jersey campaign (m.02fmsl) | Philadelphia campaign (m.0bxl0n) | Quasi-War (m.06bjm) | Siege of Boston (m.01jnys) | Siege of Yorktown (m.014s1b) | Treaty of Alliance (m.01bh42) | Yorktown campaign (m.0drwsm9),,,,,pending
webqsp_WebQTrn-2621,who is angelina jolie 's husband,webqsp,Brad Pitt (m.0c6qh),,,,,pending
webqsp_WebQTrn-1298,what district does john cornyn represent,webqsp,Texas (m.07b_l),,,,,pending
webqsp_WebQTrn-2495,who 's the oakland raiders head coach,webqsp,Tony Sparano (m.03h4k5d),,,,,pending
webqsp_WebQTrn-2997,what college did edgar allan poe go to,webqsp,United States Military Academy (m.07x4c) | University of Virginia (m.0g8rj),,,,,pending
webqsp_WebQTrn-2782,what position does mitt romney hold,webqsp,Governor of Massachusetts (m.01lk31),,,,,pending
webqsp_WebQTrn-2527,what is julia gillard party,webqsp,Australian Labor Party (m.0q96) | Queensland Labor Party (m.02w5p3q),,,,,pending
webqsp_WebQTrn-864,who does messi play with,webqsp,FC Barcelona (m.0hvgt),,,,,pending
webqsp_WebQTrn-296,where was the ancient region of mesopotamia,webqsp,Middle East (m.04wsz),,,,,pending
webqsp_WebQTrn-2946,who did tyson chandler play for,webqsp,Dallas Mavericks (m.0jmcv) | New York Knicks (m.0jm3v),,,,,pending
webqsp_WebQTrn-2863,what type of government does the bahamas have,webqsp,Constitutional monarchy (m.01q20) | Parliamentary system (m.018wl5) | Unitary state (m.01fpfn),,,,,pending
webqsp_WebQTrn-1819,what type of aircraft does virgin america use,webqsp,Airbus A319 (g.120vt1f2) | Airbus A320 (m.09xjfpp),,,,,pending
webqsp_WebQTrn-3334,who voices ray in archer,webqsp,Adam Reed (m.026558q),,,,,pending
webqsp_WebQTrn-1894,where is shoreview mn,webqsp,Minnesota (m.04ykg) | Mounds View Public Schools (m.0csfd7) | Ramsey County (m.0nh57) | United States of America (m.09c7w0),,,,,pending
webqsp_WebQTrn-2405,what is colorado 's state flower,webqsp,Aquilegia caerulea (m.069d4f),,,,,pending
webqsp_WebQTrn-3730,what are the african nations,webqsp,Algeria (m.0h3y) | Angola (m.0j4b) | Benin (m.0164v) | Botswana (m.0166v) | Burkina Faso (m.01699) | Burundi (m.0169t) | Cameroon (m.01nln) | Cape Verde (m.01nqj) | Central African Republic (m.01nyl) | Chad (m.01p1b) | Comoros (m.01n6c) | Congo (m.01rxw) | Democratic Republic of the Congo (m.088xp) | Djibouti (m.027jk) | Egypt (m.02k54) | Equatorial Guinea (m.02kcz) | Eritrea (m.02khs) | Ethiopia (m.019pcs) | Gabon (m.03548) | Gambia (m.0hdx8) | Ghana (m.035dk) | Guinea (m.03676) | Guinea-Bissau (m.036b_) | Ivory Coast (m.0fv4v) | Kenya (m.019rg5) | Lesotho (m.04hvw) | Liberia (m.04hzj) | Libya (m.04gqr) | Madagascar (m.04sj3) | Malawi (m.04tr1) | Mali (m.04v09) | Mauritania (m.04vjh) | Mauritius (m.04vs9) | Morocco (m.04wgh) | Mozambique (m.04wlh) | Namibia (m.05bmq) | Niger (m.05cc1) | Nigeria (m.05cgv) | Rwanda (m.06dfg) | Senegal (m.06srk) | Seychelles (m.06sw9) | Sierra Leone (m.06s_2) | Somalia (m.06tgw) | South Africa (m.0hzlz) | South Sudan (m.05rznz) | Sudan (m.06tw8) | Swaziland (m.06v36) | S?o Tom¨¦ and Pr¨ªncipe (m.0j681) | Tanzania (m.07dzf) | Togo (m.07f5x) | Tunisia (m.07fj_) | Uganda (m.07tp2) | Zambia (m.088vb) | Zimbabwe (m.088q4),,,,,pending
webqsp_WebQTrn-2223,what year did steve nash play for the mavericks,webqsp,1998¨C99 NBA season (m.080kw1) | 1999¨C2000 NBA season (m.080bhx) | 2000¨C01 NBA season (m.080b2d) | 2001¨C02 NBA season (m.08030z) | 2002¨C03 NBA season (m.0802lk) | 2003¨C04 NBA season (m.07_x8s),,,,,pending
webqsp_WebQTrn-2313,what are the best things to do in san diego,webqsp,Aquatica San Diego (m.01094zpg) | Balboa Park (m.033zn0) | Belmont Park (m.09f7hq) | Birch Aquarium (m.0gyhsd) | Cabrillo National Monument (m.06qlyn) | Children's Pool Beach (m.028bh_9) | Hotel del Coronado (m.04rfpv) | La Jolla Cove (m.02pt3vb) | Mission San Diego de Alcal¨¢ (m.0g72c) | Old Point Loma Lighthouse (m.0g4y9s) | Old Town San Diego State Historic Park (m.04c6gj) | Rock 'n' Roll San Diego Marathon (m.0fnfb4) | San Diego Zoo (m.01v05h) | San Diego Zoo Safari Park (m.096pq) | SeaWorld San Diego (m.0c8cjw) | Timken Museum of Art (m.03yncwm) | USS Midway (m.02400r),,,,,pending
webqsp_WebQTrn-118,what team does luis suarez play for,webqsp,FC Barcelona (m.0hvgt) | Uruguay national football team (m.0329r5),,,,,pending
webqsp_WebQTrn-2917,who is the president of ecuador in 2012,webqsp,Rafael Correa (m.0h7c_l),,,,,pending
webqsp_WebQTrn-1964,what language does the country italy speak,webqsp,Italian Language (m.02bjrlw),,,,,pending
webqsp_WebQTrn-1286,what show is jill wagner on,webqsp,Blade: The Series (m.0c4htl) | Punk'd (m.01qnwx) | Teen Wolf (m.0fphvnc) | Wipeout (m.047d4bz),,,,,pending
webqsp_WebQTrn-1143,what is the time zone in california called,webqsp,Pacific Time Zone (m.02lcqs),,,,,pending
webqsp_WebQTrn-3500,who was the voice of simba,webqsp,Cam Clarke (m.01s9ftn) | Jonathan Taylor Thomas (m.02n8yh) | Joseph Williams (m.01npcsf) | Matthew Broderick (m.01vlj1g),,,,,pending
webqsp_WebQTrn-1785,who plays effy in skins uk,webqsp,Kaya Scodelario (m.02pvrd0),,,,,pending
webqsp_WebQTrn-1288,what currency does senegal use,webqsp,West African CFA franc (m.025sw2q),,,,,pending
webqsp_WebQTrn-769,where did giovanni da verrazano come from,webqsp,Greve in Chianti (m.0c33cs),,,,,pending
webqsp_WebQTrn-3275,what is zip code for davenport iowa,webqsp,52801 (m.03dqrd_) | 52802 (m.03dqrfd) | 52803 (m.03dqrft) | 52804 (m.03dqrg6) | 52805 (m.07nqqxq) | 52806 (m.03dqrgm) | 52807 (m.03dqrh0) | 52808 (m.07nqqxh) | 52809 (m.07nqqx8),,,,,pending
webqsp_WebQTrn-2403,what is the buddhist holy book,webqsp,Amitabha Sutra (m.04k1b0) | Chinese Buddhist canon (m.02l3dj) | Dhammapada (m.01nv3q) | Gang¨­ji Garan Engi (m.05mwk22) | Longchen Nyingthig (m.0c4pcl) | Mah¨¡vastu (m.04_13vt) | Mah¨¡y¨¡na s¨±tras (m.01r1g7) | N¨©laka??ha Dh¨¡ra?¨© (m.0fs6g7) | P¨¡li Canon (m.01hnwm) | Tibetan Buddhist canon (m.02k1bj) | U??¨©?a Vijaya Dh¨¡ra?¨© S¨±tra (m.0c00_gk) | Vimalakirti Sutra (m.01rky9) | ¨¡gama (m.05_m24) | ?r¨©m¨¡l¨¡dev¨© Si?han¨¡da S¨±tra (m.036z9c),,,,,pending
webqsp_WebQTrn-3456,who does mark sanchez play for,webqsp,Philadelphia Eagles (m.05tg3),,,,,pending
webqsp_WebQTrn-562,what type of currency should i take to mexico,webqsp,Mexican peso (m.012ts8),,,,,pending
webqsp_WebQTrn-3112,what year was peyton manning 's rookie year,webqsp,1998 NFL draft (m.09gmwc),,,,,pending
webqsp_WebQTrn-1112,what are five countries that border france,webqsp,Andorra (m.0hg5) | Belgium (m.0154j) | Germany (m.0345h) | Italy (m.03rjj) | Luxembourg (m.04g61) | Monaco (m.04w58) | Spain (m.06mkj) | Switzerland (m.06mzp) | United Kingdom (m.07ssc),,,,,pending
webqsp_WebQTrn-2237,where to stay in san francisco ca,webqsp,"Clift (m.0f241m) | Hostelling International, City Center (m.03ywbh3) | Palace Hotel, San Francisco (m.0c9ldc) | W San Francisco (m.0283jp6)",,,,,pending
webqsp_WebQTrn-2252,what movies has scarlett johansson in,webqsp,A Good Woman (m.0693hm) | A Love Song for Bobby Long (m.04gcw8) | An American Rhapsody (m.02vdw6) | Buck (m.0g4nxzt) | Captain America: Civil War (m.0125zrjx) | Captain America: The Winter Soldier (m.0jzt8tx) | Chef (m.0w1rtg8) | Don Jon (m.0kd0k5k) | Eight Legged Freaks (m.03t6l4) | Fall (m.04j1zl8) | Ghost World (m.01n30p) | Girl with a Pearl Earring (m.0fgpvf) | He's Just Not That Into You (m.03bzjpm) | Her (m.0lq6fb5) | Hitchcock (m.0hz07jj) | Home Alone 3 (m.033g39) | If Lucy Fell (m.0dy575) | In Good Company (m.05fmsx) | Iron Man 2 (m.05qbckf) | Just Cause (m.07l5v6) | Lost in Translation (m.0209xj) | Lucy (m.0w36vqd) | Manny & Lo (m.0g1vcm) | Match Point (m.06gjk9) | My Brother the Pig (m.02rq3jq) | North (m.03rtz1) | Scoop (m.09jcj6) | The Avengers (m.062zm5h) | The Avengers: Age of Ultron (m.0n15g8q) | The Black Dahlia (m.07z6xs) | The Horse Whisperer (m.033s0w) | The Island (m.0435vm) | The Jungle Book (m.0110nff9) | The Man Who Wasn't There (m.01jzyf) | The Nanny Diaries (m.0c0rz3) | The Other Boleyn Girl (m.0gyy53) | The Perfect Score (m.04fvch) | The Prestige (m.084302) | The Spirit (m.0fldjy) | The SpongeBob SquarePants Movie (m.03vfr_) | Under the Skin (m.0gxbjgn) | Vicky Cristina Barcelona (m.02qpt1w) | We Bought a Zoo (m.0ds1glg),,,,,pending
webqsp_WebQTrn-3542,what is the capital city of germany now,webqsp,Berlin (m.0156q),,,,,pending
webqsp_WebQTrn-3384,what language does people from denmark speak,webqsp,Danish Language (m.0295r) | Faroese (m.02hrcqd) | German Language (m.04306rv) | Greenlandic language (m.02_8gp),,,,,pending
webqsp_WebQTrn-2740,who plays alan parrish in jumanji,webqsp,Adam Hann-Byrd (m.0fgl6t) | Robin Williams (m.0dzf_),,,,,pending
webqsp_WebQTrn-3004,who did the voice of kitt in knight rider,webqsp,William Daniels (m.0309r1),,,,,pending
webqsp_WebQTrn-1454,where does ryan lochte live now,webqsp,Gainesville (m.0rh7t) | Rochester (m.0y1rf),,,,,pending
webqsp_WebQTrn-837,where did jennifer hudson go to school,webqsp,Dunbar Vocational High School (m.09v6gkq) | Langston University (m.01lgjy),,,,,pending
webqsp_WebQTrn-829,who was rudolf virchow,webqsp,Pathologist (m.03gq2jw) | Physician (m.05t4q) | Politician (m.0fj9f) | Scientist (m.06q2q),,,,,pending
webqsp_WebQTrn-319,who did elton john marry first,webqsp,Renate Blauel (m.03c6xt),,,,,pending
webqsp_WebQTrn-3513,what state is the george washington university in,webqsp,"Washington, D.C. (m.0rh6k)",,,,,pending
webqsp_WebQTrn-836,what are the major religions in uk,webqsp,Catholicism (m.0c8wxp) | Church of England (m.01spm) | Hinduism (m.03j6c) | Islam (m.0flw86) | Judaism (m.03_gx) | Methodism (m.051kv) | Presbyterianism (m.0631_) | Sikhism (m.06yyp),,,,,pending
webqsp_WebQTrn-1192,what country is the mekong river located in,webqsp,Cambodia (m.01xbgx) | China (m.0d05w3) | Laos (m.04hhv) | Myanmar (m.04xn_) | Thailand (m.07f1x) | Vietnam (m.01crd5),,,,,pending
webqsp_WebQTrn-2518,who did michael jackson play in the wiz,webqsp,Scarecrow (m.02ztbm),,,,,pending
webqsp_WebQTrn-3526,where is glastonbury uk,webqsp,Mendip (m.01pgbg) | United Kingdom (m.07ssc),,,,,pending
webqsp_WebQTrn-1368,who plays young lex luthor in smallville,webqsp,Michael Rosenbaum (m.0q1lp),,,,,pending
webqsp_WebQTrn-261,where is whistler mountain located,webqsp,British Columbia (m.015jr) | Canada (m.0d060g) | Coast Mountains (m.0183r6) | Fitzsimmons Range (m.05q3snr) | Garibaldi Ranges (m.08pqh0) | North America (m.059g4) | North American Cordillera (m.019f_v) | Pacific Coast Ranges (m.01jwb2) | Pacific Ranges (m.08p698),,,,,pending
webqsp_WebQTrn-804,who played emperor palpatine,webqsp,Clive Revill (m.04f47_) | Ian Abercrombie (m.090_hs) | Ian McDiarmid (m.03sj0m) | Ron Prather (m.0gbz5p4),,,,,pending
webqsp_WebQTrn-2289,what place did thomas jefferson died,webqsp,Charlottesville (m.0mp3l),,,,,pending
webqsp_WebQTrn-658,what main language do they speak in brazil,webqsp,Portuguese Language (m.05zjd),,,,,pending
webqsp_WebQTrn-2879,what college did steve jobs attend,webqsp,Reed College (m.06bw5),,,,,pending
webqsp_WebQTrn-2202,who is marilyn monroe and why is she famous,webqsp,Actor (m.02hrh1q) | Film Producer (m.01d_h8) | Model (m.0d1pc) | Showgirl (m.05mwvd) | Singer (m.09l65),,,,,pending
webqsp_WebQTrn-310,who is married to garry trudeau,webqsp,Jane Pauley (m.01v3pj),,,,,pending
webqsp_WebQTrn-3319,who played dorothy in the film wizard of oz,webqsp,Judy Garland (m.0g10g),,,,,pending
webqsp_WebQTrn-1279,who does paul bettany play in the avengers,webqsp,Edwin Jarvis (m.06dkjh),,,,,pending
webqsp_WebQTrn-610,who is playing bilbo baggins,webqsp,Ian Holm (m.016zp5) | Martin Freeman (m.02fz3w) | Mikhail Danilov (m.0n290f8) | Norman Bird (m.0f_wwf),,,,,pending
webqsp_WebQTrn-1567,what county is jackson michigan in,webqsp,Jackson County (m.043z0),,,,,pending
webqsp_WebQTrn-3717,where is murray kentucky,webqsp,Calloway County (m.0nnqt) | Kentucky (m.0498y) | United States of America (m.09c7w0),,,,,pending
webqsp_WebQTrn-3034,where did dr martin luther king get his doctorate,webqsp,Boston University (m.0gl5_),,,,,pending
webqsp_WebQTrn-3378,what kind of money do japanese use,webqsp,Japanese yen (m.088n7),,,,,pending
webqsp_WebQTrn-2385,who invented the ford motor company,webqsp,Henry Ford (m.03gxm),,,,,pending
webqsp_WebQTrn-1623,what movies does matt damon play in,webqsp,"All the Pretty Horses (m.0ctnxn) | Behind the Candelabra (m.0t51n95) | Behind the Screens (m.0crw8cx) | Chasing Amy (m.0gd92) | Che: Part Two (m.0cp1_1) | Confessions of a Dangerous Mind (m.03s6l2) | Contagion (m.0dgnwwr) | Courage Under Fire (m.01j5ql) | Dogma (m.0p9lw) | Elysium (m.0gwm_wy) | EuroTrip (m.02b5wk) | Extreme Realities (m.01149vs4) | Field of Dreams (m.0yzp8) | Finding Forrester (m.04t46v) | Geronimo: An American Legend (m.0c_3nd) | Gerry (m.01dw49) | Glory Daze (m.06lsnn) | Good Will Hunting (m.011ypx) | Green Zone (m.02x3y41) | Happy Feet Two (m.09rvvpm) | Hereafter (m.09gdh6k) | Howard Zinn: You Can¡ät Be Neutral on a Moving Train (m.04dnhc_) | Inside Job (m.0c030yv) | Interstellar (m.0fkf28) | Invictus (m.07yk1xz) | Jay and Silent Bob Strike Back (m.0prrm) | Jersey Girl (m.02qzh2) | Judge Not: In Defense of Dogma (m.0114bqb3) | Magnificent Desolation: Walking On The Moon 3D (m.07_466) | Margaret (m.095yw_) | Mystic Pizza (m.02hvyj) | Ocean's Eleven (m.06z8s_) | Ocean's Thirteen (m.09xbpt) | Ocean's Twelve (m.0418wg) | Oh, What a Lovely Tea Party (m.0dvdmg) | Promised Land (m.0pd6bpq) | Push, Nevada (m.07dtx3) | Rising Son (m.0b_w98s) | Rounders (m.03qbfb) | Rounders 2 (m.0mzjx5c) | Saving Private Ryan (m.07024) | School Ties (m.04zm1f) | Spirit: Stallion of the Cimarron (m.034c5l) | Stuck on You (m.06hq4s) | Syriana (m.078sj4) | The Adjustment Bureau (m.06zjsc_) | The Bourne Identity (m.03twd6) | The Bourne Supremacy (m.03k8th) | The Bourne Ultimatum (m.061681) | The Brothers Grimm (m.04z257) | The Departed (m.04vr_f) | The Good Mother (m.02q88q8) | The Good Old Boys (m.07t7246) | The Good Shepherd (m.07nxvj) | The Great Wall (m.0v2vjxh) | The Informant! (m.043tz0c) | The Legend of Bagger Vance (m.057__d) | The Majestic (m.01s1wm) | The Martian (m.01295z79) | The Monuments Men (m.0ndx3rt) | The People Speak (m.04ldj71) | The Rainmaker (m.01b195) | The Talented Mr. Ripley (m.02mpyh) | The Third Wheel (m.07yd9z) | The Zero Theorem (m.0n5tytm) | Titan A.E. (m.037j_8) | True Grit (m.0b73_1d) | Unauthorized: The Harvey Weinstein Project (m.0djb3zw) | We Bought a Zoo (m.0ds1glg) | Youth Without Youth (m.0ds_wq)",,,,,pending
webqsp_WebQTrn-2076,where does the potomac river flow into,webqsp,Chesapeake Bay (m.0g66h),,,,,pending
webqsp_WebQTrn-1240,where is mallorca,webqsp,Mediterranean Sea (m.04swx),,,,,pending
webqsp_WebQTrn-3366,what is the zip code for morgantown in,webqsp,26501 (m.03dz41r) | 26502 (m.07nr9tj) | 26504 (m.07nr9t9) | 26505 (m.021l1w6) | 26506 (m.07nr9t2) | 26507 (m.07nr9sw) | 26508 (m.03dz42b),,,,,pending
webqsp_WebQTrn-2972,who is the owner of the philadelphia eagles,webqsp,Jeffrey Lurie (m.092dqb),,,,,pending
webqsp_WebQTrn-1973,who was audrey hepburn 's husbands,webqsp,Andrea Dotti (m.03qm3kg) | Mel Ferrer (m.05grdr),,,,,pending
webqsp_WebQTrn-351,who is chelsea kane,webqsp,Actor (m.02hrh1q) | Dancer (m.02h6p92) | Singer (m.09l65) | Voice Actor (m.0np9r),,,,,pending
webqsp_WebQTrn-921,what is vanderbilt 's mascot,webqsp,Vanderbilt University Mr. Commodore (m.05k6hxh),,,,,pending
webqsp_WebQTrn-937,what currency does thailand accept,webqsp,Thai baht (m.0mcb5),,,,,pending
webqsp_WebQTrn-481,where tupac grew up,webqsp,East Harlem (m.02cx_2),,,,,pending
webqsp_WebQTrn-7,where are the nfl redskins from,webqsp,"Washington, D.C. (m.0rh6k)",,,,,pending
webqsp_WebQTrn-505,where is mount whitney,webqsp,California (m.01n7q) | North America (m.059g4) | Sierra Nevada (m.0db94) | United States of America (m.09c7w0),,,,,pending
webqsp_WebQTrn-3230,who plays marlo on the wire,webqsp,Jamie Hector (m.02q24ts),,,,,pending
webqsp_WebQTrn-3415,what country is the iberian peninsula located in,webqsp,Portugal (m.05r4w) | Spain (m.06mkj),,,,,pending
webqsp_WebQTrn-513,what countries fall in eastern europe,webqsp,Belarusian Central Council (m.08z6cq) | Belarusian People's Republic (m.03msdy) | Bulgaria (m.015qh) | Georgia (m.0d0kn) | Grand Duchy of Lithuania (m.021hd9) | Kievan Rus' (m.0c81v) | Kingdom of Romania (m.01rdm0) | Moldova (m.04w4s) | Romania (m.06c1y) | Second Polish Republic (m.03pn9) | Socialist Federal Republic of Yugoslavia (m.01rhrd),,,,,pending
webqsp_WebQTrn-379,what did corey haim really die of,webqsp,Drug overdose (m.01tf_6) | Pneumonia (m.0dq9p),,,,,pending
webqsp_WebQTrn-2512,which island in greece,webqsp,Ionian Islands (m.01s2g1),,,,,pending
webqsp_WebQTrn-1889,who does jr smith play for 2012,webqsp,New York Knicks (m.0jm3v),,,,,pending
webqsp_WebQTrn-969,who is the head coach of the tennessee titans,webqsp,Ken Whisenhunt (m.0b9srp),,,,,pending
webqsp_WebQTrn-1523,what movies have adam sandler been in,webqsp,"50 First Dates (m.02f6g5) | Airheads (m.03qfpk) | Anger Management (m.02d003) | Bedtime Stories (m.02qdrjx) | Big Daddy (m.02hxhz) | Billy Madison (m.036z1n) | Blended (m.0v_ckgv) | Blossoms & Blood (m.0w7c5jm) | Bulletproof (m.047419) | Click (m.087pfc) | Comedy Club Shoot-out: Vol. 1 (m.0crryph) | Coneheads (m.05yxmk) | Confessions of a Teenage Drama Queen (m.02dxrm) | Couch (m.0w7c7c3) | Deuce Bigalow: European Gigolo (m.074w86) | Deuce Bigalow: Male Gigolo (m.05s14k) | Dirty Work (m.02q3pj) | Eight Crazy Nights (m.02m7tn) | Funny People (m.047svrl) | Going Overboard (m.07ktmd) | Grown Ups (m.0640m69) | Grown Ups 2 (m.0mzt5cs) | Happy Gilmore (m.023vcd) | Hotel Transylvania (m.0gj96ln) | Hotel Transylvania 2 (m.0118fw_v) | I Now Pronounce You Chuck and Larry (m.0f2sx4) | Jack and Jill (m.0ch3qr1) | Just Go With It (m.0bshwmp) | Little Nicky (m.03z20c) | Men, Women & Children (m.0zrq8j3) | Mixed Nuts (m.0d0stl) | Mr Deeds (m.02tgz4) | Pauly Shore Is Dead (m.070rc_) | Pearl Jam Twenty (m.0glpgxk) | Pixels (m.010rdrd1) | Punch-Drunk Love (m.02ylg6) | Reign Over Me (m.02hwd1n) | Saturday Night Live: The Best of Adam Sandler (m.0jwnx61) | Shakes the Clown (m.07hq75) | Singing with the Stars (m.0j_z7p9) | Spanglish (m.04p7q_) | That's My Boy (m.0gwgn1k) | The Animal (m.06j0d5) | The Cobbler (m.0zrxc1v) | The Hot Chick (m.01h3y_) | The Longest Yard (m.095z4q) | The Ridiculous Six (m.012z_7zt) | The Waterboy (m.01x_hw) | The Wedding Singer (m.02bhsc) | You Don't Mess with the Zohan (m.02ph9tm) | Zookeeper (m.07kb7vh)",,,,,pending
webqsp_WebQTrn-2194,what are the names of harry potter books in order,webqsp,Harry Potter and the Chamber of Secrets (m.015pln) | Harry Potter and the Deathly Hallows (m.03bkkv) | Harry Potter and the Goblet of Fire (m.01m5g_) | Harry Potter and the Half-Blood Prince (m.06_rf9) | Harry Potter and the Order of the Phoenix (m.014jst) | Harry Potter and the Philosopher's Stone (m.0c_vk) | Harry Potter and the Prisoner of Azkaban (m.01lr1g),,,,,pending
webqsp_WebQTrn-2197,what does the roman empire consist of,webqsp,Cilicia (m.05h20fb) | Scythopolis (m.0_g_73y),,,,,pending
webqsp_WebQTrn-1151,what timezone does sweden have,webqsp,Central European Time Zone (m.02llzg),,,,,pending
webqsp_WebQTrn-1548,what is the name of the pittsburgh steelers stadium,webqsp,Heinz Field (m.02y4pw),,,,,pending
webqsp_WebQTrn-336,what films did charlie chaplin direct,webqsp,A Burlesque on Carmen (m.07n2_l) | A Countess From Hong Kong (m.08h1y4) | A Day's Pleasure (m.07mll4) | A Dog's Life (m.07mlsy) | A Jitney Elopement (m.07m2v9) | A King In New York (m.0617fz) | A Night Out (m.08gv4n) | A Night in the Show (m.07lmgm) | A Woman (m.07m2r4) | A Woman of Paris: A Drama of Fate (m.02nr5x) | Behind the Screen (m.03b1dk) | By the Sea (m.07m2sx) | Caught in the Rain (m.02rd3lk) | Chaplin: The Collection: Vol. 3 (m.0cs040k) | Charlie Chaplin Carnival (m.0v3x_mv) | Charlie Chaplin Cavalcade (g.11r7rjf5y) | Charlie Chaplin: His Life & Work (m.0crvd9_) | City Lights (m.0jq9t) | Dough and Dynamite (m.07plln) | Easy Street (m.085r31) | Gentlemen of Nerve (m.02rd7zm) | Getting Acquainted (m.02rd8fr) | Her Friend the Bandit (m.02rd3sr) | His Musical Career (m.02rd81q) | His New Job (m.02qmf5d) | His New Profession (m.0f1ggl) | His Prehistoric Past (m.02qmf84) | His Regeneration (m.02rdpf9) | His Trysting Place (m.02qmg0x) | In The Park (m.07n33g) | Laughing Gas (m.02rd4fq) | Limelight (m.02sd4m) | Mabel's Married Life (m.02rd486) | Modern Times (m.0jz2p) | Monsieur Verdoux (m.02nmmc) | Nice and Friendly (m.0v3y82z) | One A.M. (m.07m7w3) | One Week (m.07mpcp) | Pay Day (m.05x26y) | Police (m.07m8hw) | Recreation (m.0fyj8w) | Shanghaied (m.02rdqf9) | Shoulder Arms (m.07mlq9) | Sunnyside (m.07mlzy) | The Adventurer (m.08kf7t) | The Bank (m.07n73f) | The Bond (m.07m325) | The Champion (m.08kfbx) | The Chaplin Revue (m.02vl0sm) | The Charlie Chaplin Festival (g.11vjpgmn4) | The Circus (m.011_mj) | The Count (m.07m82k) | The Cure (m.09t69n) | The Face on the Bar-room Floor (m.02qmf9w) | The Fireman (m.09lh9c) | The Floorwalker (m.07m2lh) | The Gold Rush (m.0jsfp) | The Great Dictator (m.0gy4z) | The Idle Class (m.07n76l) | The Immigrant (m.0jvw0) | The Kid (m.04vl27) | The Masquerader (m.08b2hs) | The New Janitor (m.061nfk) | The Pawnshop (m.07m2js) | The Pilgrim (m.07m2_1) | The Professor (m.02rdz11) | The Property Man (m.02rd4m6) | The Rink (m.07mmj9) | The Rounders (m.028ccyx) | The Tramp (m.07m7s0) | The Vagabond (m.07n3pj) | Those Love Pangs (m.02rd7tg) | Triple Trouble (m.07n7h2) | Twenty Minutes of Love (m.04lm51) | Work (m.07n7w9),,,,,pending
webqsp_WebQTrn-1707,when did baltimore orioles win the world series,webqsp,1966 World Series (m.04td_d) | 1970 World Series (m.04jg7y) | 1983 World Series (m.046_p6),,,,,pending
webqsp_WebQTrn-2072,who founded the new democratic party,webqsp,Kim Dae-jung (m.013yvd),,,,,pending
webqsp_WebQTrn-2685,who inspired antonio vivaldi,webqsp,Johann Sebastian Bach (m.03_f0),,,,,pending
webqsp_WebQTrn-340,what should you see in london,webqsp,"Apsley House (m.01hc38) | Bank of England Museum (m.05q3_3) | Barbican Centre (m.0m6q6) | Big Ben (m.026ydc) | British Museum (m.01hb3) | British Museum Reading Room (m.017_lw) | Buckingham Palace (m.0198g) | Central London (m.026v7z) | Chessington World of Adventures (m.04mmgh) | Chinawhite (m.06w3j7k) | Chokushi-Mon (m.0bll4mn) | Churchill War Rooms (m.05r48r) | City University London (m.02mg5r) | Crystal Palace Park (m.0w1d3n8) | Design Museum (m.05pq2k) | Diana, Princess of Wales Memorial Fountain (m.03gm6z) | Duke of York's Headquarters (m.0fg05k) | Earls Court Exhibition Centre (m.05t7yp) | Euston railway station (m.018yyl) | G-A-Y (m.055whd) | Henman Hill (m.03l0pt) | Hippodrome, London (m.04vflw) | Holloway (m.0nb1f) | Horniman Museum (m.03825f) | Hyde Park (m.01d_0p) | Imperial College London (m.0gl6x) | Imperial War Museum London (m.0j2g8sh) | Jewish Museum London (m.05s6ns) | Leighton House Museum (m.07n8hk) | Liverpool Street station (m.0p0jt) | London Bridge (m.0p77g) | London Charterhouse (m.0270g5) | London Eye (m.07gyc) | London Marathon (m.0d0rj) | London Paddington station (m.013y0_) | London Palladium (m.01k804) | London School of Economics and Political Science (m.0hsb3) | London Underground (m.04jgv) | London Victoria station (m.01xrzb) | London Zoo (m.0j53x) | Madame Tussauds London (m.05f3pf0) | Museum of London (m.021mgt) | Museum of London Docklands (m.04ttyf) | National Maritime Museum (m.01x6xn) | National Police Memorial (m.05xz1j) | National Portrait Gallery, London (m.02mv8x) | Natural History Museum, London (m.01t372) | New London Architecture (m.04dn_hk) | Newington, London (m.0nblr) | Olympia (m.03m401) | Palace of Westminster (m.060yf) | Polish Institute and Sikorski Museum (m.02q6xg0) | Queen's House (m.01xzg6) | RAF Bomber Command Memorial (m.0k2c9hx) | Regent's Park (m.01lpg6) | Royal Albert Hall, London (m.018g60) | Royal Institution (m.01x3nm) | Sainsbury Wing (m.0j32kvf) | Science Museum, London (m.013yrz) | Selfridges, Oxford Street (m.0pdb059) | Serpentine Galleries (m.043mxr) | Sir John Soane's Museum (m.01w0yg) | Smithfield, London (m.019k9x) | Southgate, London (m.0nc61) | St Paul's Cathedral (m.0pwzt) | St. James's Park (m.022pjp) | Strand, London (m.01tp60) | Sutcliffe Park (m.0z8h65p) | Tate Gallery, Britain (m.0136mc) | Tate Modern, London (m.07nb5) | The Building Centre (m.04d1hw7) | The Clink (m.045ffb) | The Nash Conservatory (m.0bnlz9r) | Tower Bridge (m.0ggp4) | Tower of London (m.07nqn) | Trafalgar Square (m.0gsxw) | Tramp (m.0272nt3) | Travefy (m.012vvtp_) | University College London (m.0dplh) | University of London (m.0gjv_) | V&A Museum of Childhood (m.05fl7q) | Victoria and Albert Museum (m.0jx0nq8) | Victoria and Albert Museum (m.0p1tx) | Wallace Collection (m.02sfxg) | Wallington, London (m.0ncpy) | Wasps RFC (m.02yfnd) | Waterlily House (m.0bnlz5j) | Wellcome Collection (m.0414y7c) | Westminster Abbey (m.0bvqq) | Whetstone, London (m.0ncv_) | William Wilkins's Building (m.0j32g13) | Wimbledon (m.0ncy4)",,,,,pending
webqsp_WebQTrn-1035,what is the political system in italy,webqsp,Constitutional republic (m.0c9rw5) | Parliamentary republic (m.0glnsx) | Unitary state (m.01fpfn),,,,,pending
webqsp_WebQTrn-3305,what inventions did robert hooke made,webqsp,Balance wheel (m.056jh0) | Diaphragm (m.04j8js) | Universal joint (m.012d66),,,,,pending
webqsp_WebQTrn-2768,what kind of money does argentina use,webqsp,Argentine peso (m.024nzm),,,,,pending
webqsp_WebQTrn-1449,what to do when traveling to london,webqsp,"Apsley House (m.01hc38) | Bank of England Museum (m.05q3_3) | Barbican Centre (m.0m6q6) | Big Ben (m.026ydc) | British Museum (m.01hb3) | British Museum Reading Room (m.017_lw) | Buckingham Palace (m.0198g) | Central London (m.026v7z) | Chessington World of Adventures (m.04mmgh) | Chinawhite (m.06w3j7k) | Chokushi-Mon (m.0bll4mn) | Churchill War Rooms (m.05r48r) | City University London (m.02mg5r) | Crystal Palace Park (m.0w1d3n8) | Design Museum (m.05pq2k) | Diana, Princess of Wales Memorial Fountain (m.03gm6z) | Duke of York's Headquarters (m.0fg05k) | Earls Court Exhibition Centre (m.05t7yp) | Euston railway station (m.018yyl) | G-A-Y (m.055whd) | Henman Hill (m.03l0pt) | Hippodrome, London (m.04vflw) | Holloway (m.0nb1f) | Horniman Museum (m.03825f) | Hyde Park (m.01d_0p) | Imperial College London (m.0gl6x) | Imperial War Museum London (m.0j2g8sh) | Jewish Museum London (m.05s6ns) | Leighton House Museum (m.07n8hk) | Liverpool Street station (m.0p0jt) | London Bridge (m.0p77g) | London Charterhouse (m.0270g5) | London Eye (m.07gyc) | London Marathon (m.0d0rj) | London Paddington station (m.013y0_) | London Palladium (m.01k804) | London School of Economics and Political Science (m.0hsb3) | London Underground (m.04jgv) | London Victoria station (m.01xrzb) | London Zoo (m.0j53x) | Madame Tussauds London (m.05f3pf0) | Museum of London (m.021mgt) | Museum of London Docklands (m.04ttyf) | National Maritime Museum (m.01x6xn) | National Police Memorial (m.05xz1j) | National Portrait Gallery, London (m.02mv8x) | Natural History Museum, London (m.01t372) | New London Architecture (m.04dn_hk) | Newington, London (m.0nblr) | Olympia (m.03m401) | Palace of Westminster (m.060yf) | Polish Institute and Sikorski Museum (m.02q6xg0) | Queen's House (m.01xzg6) | RAF Bomber Command Memorial (m.0k2c9hx) | Regent's Park (m.01lpg6) | Royal Albert Hall, London (m.018g60) | Royal Institution (m.01x3nm) | Sainsbury Wing (m.0j32kvf) | Science Museum, London (m.013yrz) | Selfridges, Oxford Street (m.0pdb059) | Serpentine Galleries (m.043mxr) | Sir John Soane's Museum (m.01w0yg) | Smithfield, London (m.019k9x) | Southgate, London (m.0nc61) | St Paul's Cathedral (m.0pwzt) | St. James's Park (m.022pjp) | Strand, London (m.01tp60) | Sutcliffe Park (m.0z8h65p) | Tate Gallery, Britain (m.0136mc) | Tate Modern, London (m.07nb5) | The Building Centre (m.04d1hw7) | The Clink (m.045ffb) | The Nash Conservatory (m.0bnlz9r) | Tower Bridge (m.0ggp4) | Tower of London (m.07nqn) | Trafalgar Square (m.0gsxw) | Tramp (m.0272nt3) | Travefy (m.012vvtp_) | University College London (m.0dplh) | University of London (m.0gjv_) | V&A Museum of Childhood (m.05fl7q) | Victoria and Albert Museum (m.0jx0nq8) | Victoria and Albert Museum (m.0p1tx) | Wallace Collection (m.02sfxg) | Wallington, London (m.0ncpy) | Wasps RFC (m.02yfnd) | Waterlily House (m.0bnlz5j) | Wellcome Collection (m.0414y7c) | Westminster Abbey (m.0bvqq) | Whetstone, London (m.0ncv_) | William Wilkins's Building (m.0j32g13) | Wimbledon (m.0ncy4)",,,,,pending
webqsp_WebQTrn-1601,who is andrew carnegie and what did he do,webqsp,Business magnate (m.025spv) | Businessperson (m.012t_z) | Entrepreneur (m.09x_r),,,,,pending
webqsp_WebQTrn-685,who was king or queen after victoria,webqsp,Edward VII (m.0cm03),,,,,pending
webqsp_WebQTrn-3401,what are the two major religions in canada,webqsp,Catholicism (m.0c8wxp) | Islam (m.0flw86) | Protestantism (m.05sfs),,,,,pending
webqsp_WebQTrn-2784,what movies does tupac act in,webqsp,Above the Rim (m.08dk10) | Bullet (m.0f4nt1) | Gang Related (m.0cc2r_) | Gridlock'd (m.08dk0b) | Juice (m.08w51z) | Murder Was the Case (m.02pkz7) | Nothing but Trouble (m.0c6vx0) | Poetic Justice (m.06974q),,,,,pending
webqsp_WebQTrn-1165,who is lincoln steffens,webqsp,Journalist (m.0d8qb),,,,,pending
webqsp_WebQTrn-3242,what does the name austin stand for,webqsp,Stephen F. Austin (m.0hhsw),,,,,pending
webqsp_WebQTrn-534,who does michael vick play for,webqsp,New York Jets (m.05g49),,,,,pending
webqsp_WebQTrn-1013,who is aidan davis,webqsp,Dancer (m.02h6p92) | Presenter (m.015cjr),,,,,pending
webqsp_WebQTrn-1,what character did natalie portman play in star wars,webqsp,Padm¨¦ Amidala (m.0drf_),,,,,pending
webqsp_WebQTrn-2200,what school did burne hogarth establish,webqsp,School of Visual Arts (m.01hb1t),,,,,pending
webqsp_WebQTrn-1092,where is the euro used,webqsp,Andorra (m.0hg5) | Austria (m.0h7x) | Belgium (m.0154j) | Caribbean special municipalities of the Netherlands (m.0bwhs8r) | Collectivity of Saint Martin (m.02phy_9) | Cyprus (m.01ppq) | Estonia (m.02kmm) | Finland (m.02vzc) | France (m.0f8l9c) | Germany (m.0345h) | Greece (m.035qy) | Guadeloupe (m.037nm) | Italy (m.03rjj) | Kingdom of the Netherlands (m.049nq) | Latvia (m.04g5k) | Lithuania (m.04gzd) | Luxembourg (m.04g61) | Malta (m.04v3q) | Martinique (m.04vg8) | Mayotte (m.04vws) | Monaco (m.04w58) | Montenegro (m.056vv) | Netherlands (m.059j2) | Portugal (m.05r4w) | Province of Varese (m.04dfw1) | Republic of Ireland (m.03rt9) | Republic of Kosovo (m.04fh3) | Saint Barth¨¦lemy (m.0h7f9) | Saint Pierre and Miquelon (m.06s4c) | San Marino (m.06sff) | Slovakia (m.06npd) | Slovenia (m.06t8v) | Spain (m.06mkj) | Varese (m.0ggt2) | Vatican City (m.07ytt) | Zimbabwe (m.088q4) | ?land Islands (m.014mxp),,,,,pending
webqsp_WebQTrn-2843,where did jackie robinson go to school,webqsp,"John Muir High School (m.084wvj) | Pasadena City College (m.02gn8s) | University of California, Los Angeles (m.09f2j) | Washington Middle School (m.0769_zc)",,,,,pending
webqsp_WebQTrn-2375,what time zone is birmingham england,webqsp,British Summer Time (m.04q01dj) | Greenwich Mean Time Zone (m.03bdv),,,,,pending
webqsp_WebQTrn-2610,who influenced arthur conan doyle,webqsp,Edgar Allan Poe (m.02lt8) | Ibn-e-Safi (m.06zjbx) | Joseph Bell (m.01bdvj) | Jules Verne (m.04093) | Robert Louis Stevenson (m.06lbp) | Walter Scott (m.06y8v),,,,,pending
webqsp_WebQTrn-506,who created the character of romeo,webqsp,William Shakespeare (m.081k8),,,,,pending
webqsp_WebQTrn-2339,what does tim gunn do for a living,webqsp,Actor (m.02hrh1q) | Author (m.0kyk) | Consultant (m.02n9jv) | Film director (m.02jknp) | Screenwriter (m.0dxtg) | TV Personality (m.0dypbr) | Television producer (m.03gjzk) | Voice Actor (m.0np9r),,,,,pending
webqsp_WebQTrn-1269,who is liz lemon getting married to,webqsp,Jack Donaghy (m.0272qdp),,,,,pending
webqsp_WebQTrn-2235,what movies does nicole kidman star in,webqsp,An Australian in Rome (m.0gx9j_c) | Archer's Adventure (m.0gkr31c) | Australia (m.026qnh6) | BMX Bandits (m.04w4_f) | Batman Forever (m.01hr1) | Before I Go to Sleep (m.0wy31xz) | Bewitched (m.05fm6m) | Billy Bathgate (m.0cy6r9) | Birth (m.046dr3) | Birthday Girl (m.032z3r) | Bush Christmas (m.07jd8j) | Chase Through the Night (m.04dsq7v) | Cold Mountain (m.02cbhg) | Days of Thunder (m.02_nsc) | Dead Calm (m.033pck) | Dogville (m.023g6w) | Emerald City (m.09qh12) | Eyes Wide Shut (m.02qcr) | Far and Away (m.034bm_) | Flirting (m.03tsys) | Fur (m.07626w) | Genius (m.012hf4j4) | Grace of Monaco (m.0n5wg2n) | Happy Feet (m.05650n) | Hemingway & Gellhorn (m.0cc8620) | Just Go With It (m.0bshwmp) | Malice (m.06wmkz) | Margot at the Wedding (m.02rzvmr) | Matthew and Son (m.04dsqd4) | Moulin Rouge! (m.011yxg) | My Life (m.0ds27b) | Need (m.0479x3x) | Nightmaster (m.04j2wxr) | Nine (m.04jplwp) | No. 5 the Film (m.0279yx9) | Paddington (m.0x0jk5v) | Panic Room (m.029xhb) | Practical Magic (m.0m9tw) | Queen of the Desert (m.0ngns90) | Rabbit Hole (m.07sc1vd) | Room to Move (m.04dsqpq) | Secret in Their Eyes (m.012stndr) | Short: International Release #2 (m.0crs9nr) | Skin Deep (m.04dsqb0) | Stoker (m.0gx9hr9) | Strangerland (m.0zbdddm) | The Bit Part (m.04dsq98) | The Danish Girl (m.09gcrsw) | The Family Fang (m.0zcpz3h) | The Golden Compass (m.04w7rn) | The Hours (m.095zlp) | The Human Stain (m.03ntbmw) | The Interpreter (m.05k2xy) | The Invasion (m.026hh0m) | The Leading Man (m.03y062v) | The Others (m.04nnpw) | The Paperboy (m.0gx938d) | The Peacemaker (m.034scm) | The Portrait of a Lady (m.03lvwp) | The Railway Man (m.0jl14xf) | The Rivals (m.08v5s3f) | The Stepford Wives (m.034qbx) | The Timidity of the Loverat (m.0dd8wdq) | To Die For (m.01pvl7) | Trespass (m.0cc703f) | Wills & Burke (m.04dsqdp) | Windrider (m.0cnxqm5),,,,,pending
webqsp_WebQTrn-1141,what business does raj kundra do,webqsp,Businessperson (m.012t_z) | Entrepreneur (m.09x_r) | Film Producer (m.01d_h8),,,,,pending
webqsp_WebQTrn-2634,in what years did the new york yankees win the world series,webqsp,1923 World Series (m.04tfv7) | 1927 World Series (m.04tfwz) | 1928 World Series (m.04tfxn) | 1932 World Series (m.04tf_g) | 1936 World Series (m.04tg0h) | 1937 World Series (m.04tg15) | 1938 World Series (m.04tfmb) | 1939 World Series (m.04tg1w) | 1941 World Series (m.04td_r) | 1943 World Series (m.04tfmp) | 1947 World Series (m.04tg3l) | 1949 World Series (m.04tg4n) | 1950 World Series (m.04tfqf) | 1951 World Series (m.04tfpr) | 1952 World Series (m.04tfpd) | 1953 World Series (m.04tg4_) | 1956 World Series (m.04p1w0) | 1958 World Series (m.04tfs5) | 1961 World Series (m.04tfrh) | 1962 World Series (m.04tfr4) | 1977 World Series (m.04jfsz) | 1978 World Series (m.04jfmn) | 1996 World Series (m.04j70r) | 1998 World Series (m.04j7sr) | 1999 World Series (m.04j7wv) | 2000 World Series (m.0d1bbv) | 2009 World Series (m.04n39cg),,,,,pending
webqsp_WebQTrn-1863,who made the ancient egyptian pyramids,webqsp,Ancient Egypt (m.0kg9),,,,,pending
webqsp_WebQTrn-1676,what part of the world is south africa in,webqsp,Africa (m.0dg3n1),,,,,pending
webqsp_WebQTrn-1200,where great britain located,webqsp,Europe (m.02j9z) | United Kingdom (m.07ssc),,,,,pending
webqsp_WebQTrn-3580,where did fred west work,webqsp,Laborer (m.02vk771),,,,,pending
webqsp_WebQTrn-243,what style of art is salvador dali,webqsp,Drawing (m.02csf) | Painting (m.05qdh) | Photography (m.05wkw) | Sculpture (m.06msq),,,,,pending
webqsp_WebQTrn-2365,what does beth tweddle compete in,webqsp,Artistic gymnastics (m.01hp22),,,,,pending
webqsp_WebQTrn-3747,what is wrong with robin roberts,webqsp,Breast cancer (m.0j8hd) | Myelodysplastic syndrome (m.019gky),,,,,pending
webqsp_WebQTrn-3210,what country christopher columbus from,webqsp,Republic of Genoa (m.02q14r),,,,,pending
webqsp_WebQTrn-3301,where was the assyrian civilization located,webqsp,Middle East (m.04wsz),,,,,pending
webqsp_WebQTrn-1144,what team does drogba play for 2013,webqsp,Galatasaray S.K. (m.06zpgb2) | Ivory Coast national football team (m.040pyq) | Shanghai Greenland Shenhua F.C. (m.04kd5d),,,,,pending
webqsp_WebQTrn-2513,who has won the most fa cup,webqsp,Arsenal F.C. (m.0xbm) | Manchester United F.C. (m.050fh),,,,,pending
webqsp_WebQTrn-2269,where did jackie kennedy go to college,webqsp,George Washington University (m.01nnsv) | Georgetown University (m.0pspl) | University of Paris (m.0lk0l) | Vassar College (m.01ljpm),,,,,pending
webqsp_WebQTrn-1002,where was rod stewart born,webqsp,Highgate (m.0n9_t),,,,,pending
webqsp_WebQTrn-1728,what kind of money do you use in costa rica,webqsp,Costa Rican col¨®n (m.04wccn),,,,,pending
webqsp_WebQTrn-3109,what colleges did alice walker attend,webqsp,Sarah Lawrence College (m.01rtm4) | Spelman College (m.01_s9q),,,,,pending
webqsp_WebQTrn-34,what is the president of brazil,webqsp,Dilma Rousseff (m.026m5c8),,,,,pending
webqsp_WebQTrn-780,who invented arabic alphabet,webqsp,Proto-Canaanite alphabet (m.05gpzl),,,,,pending
webqsp_WebQTrn-1767,who plays jay adams in lords of dogtown,webqsp,Emile Hirsch (m.05mkhs),,,,,pending
webqsp_WebQTrn-363,where indian ocean is located,webqsp,World Ocean (m.0dkh39),,,,,pending
webqsp_WebQTrn-2463,where is sony ericsson based,webqsp,Minato (m.024bqj),,,,,pending
webqsp_WebQTrn-246,what are the three major rivers in south america,webqsp,Amazon River (m.0sd7) | Orinoco (m.0lzjs) | Rio Negro (m.01tl45),,,,,pending
webqsp_WebQTrn-2177,where did caroline kennedy go to school,webqsp,Columbia Law School (m.01n951) | Concord Academy (m.0bf5w5) | Harvard College (m.01mpwj) | Harvard University (m.03ksy) | Radcliffe College (m.01k7xz),,,,,pending
webqsp_WebQTrn-1488,who was the original voice of meg on family guy,webqsp,Lacey Chabert (m.02k4b2),,,,,pending
webqsp_WebQTrn-1557,where did charles drew go to college,webqsp,Amherst College (m.0gdm1) | Columbia University (m.01w5m) | McGill University (m.052nd) | McGill University Faculty of Medicine (m.0b5fng),,,,,pending
webqsp_WebQTrn-377,who was neptune discovered by,webqsp,Heinrich Louis d'Arrest (m.02bw8x) | Johann Gottfried Galle (m.01d9_n) | John Couch Adams (m.017xwf) | Urbain Le Verrier (m.017xvy),,,,,pending
webqsp_WebQTrn-1998,who does leia think her father is,webqsp,Darth Vader (m.0f2y0),,,,,pending
webqsp_WebQTrn-2416,who is the president of israel 2012,webqsp,Shimon Peres (m.0c_8s),,,,,pending
webqsp_WebQTrn-2733,where did charles drew go to high school,webqsp,Dunbar High School (m.025wt09),,,,,pending
webqsp_WebQTrn-491,where do most of the people live in japan,webqsp,Honshu (m.0g3bw),,,,,pending
webqsp_WebQTrn-2819,what are the major sports played in venezuela,webqsp,Cocodrilos de Caracas (m.0kn5hg6) | Venezuela men's national volleyball team (m.03w9ng1) | Venezuela national football team (m.03zkr8) | Venezuela women's national volleyball team (m.03mf9_m),,,,,pending
webqsp_WebQTrn-3114,what is the hawaii time zone,webqsp,Hawaii-Aleutian Time Zone (m.02lctm),,,,,pending
webqsp_WebQTrn-1025,what did bella abzug do,webqsp,Actor (m.02hrh1q) | Lawyer (m.04gc2) | Politician (m.0fj9f) | Social activist (m.04hx60),,,,,pending
webqsp_WebQTrn-841,what continent is the usa located in,webqsp,North America (m.059g4),,,,,pending
webqsp_WebQTrn-3641,where did president andrew jackson grew up,webqsp,Waxhaws (m.054qtk),,,,,pending
webqsp_WebQTrn-3437,who speaks arabic language,webqsp,Algeria (m.0h3y) | Bahrain (m.0161c) | Canada (m.0d060g) | Comoros (m.01n6c) | Djibouti (m.027jk) | Egypt (m.02k54) | Eritrea (m.02khs) | Iran (m.03shp) | Iraq (m.0d05q4) | Israel (m.03spz) | Jordan (m.03__y) | Kuwait (m.047yc) | Lebanon (m.04hqz) | Libya (m.04gqr) | Mandatory Palestine (m.0h44w) | Mauritania (m.04vjh) | Morocco (m.04wgh) | Oman (m.05l8y) | Qatar (m.0697s) | Saudi Arabia (m.01z215) | Seljuk Empire (m.02z62v1) | South Africa (m.0hzlz) | South Yemen (m.035hr8) | Sudan (m.06tw8) | Syria (m.06vbd) | Tanzania (m.07dzf) | Tunisia (m.07fj_) | Turkey (m.01znc_) | United Arab Emirates (m.0j1z8) | Yemen (m.01z88t),,,,,pending
webqsp_WebQTrn-1885,what to see in downtown asheville nc,webqsp,Asheville Art Museum (m.0k5mxqg) | Bele Chere (m.0fhdb5) | Biltmore Estate (m.03d2gy) | Blue Ridge Parkway (m.01vnqb) | Carl Sandburg Home National Historic Site (m.07pc_b) | Folk Art Center (m.03qknx1) | Pisgah National Forest (m.08gz6r) | Smith-McDowell House (m.06_g_2g) | The Omni Grove Park Inn (m.02rtgcx) | Thomas Wolfe House (m.03qhg3_),,,,,pending
webqsp_WebQTrn-2459,what movies has halle berry starred in,webqsp,A Discussion About Things We Lost in the Fire (m.0gyxl7y) | B*A*P*S (m.086s7z) | Boomerang (m.0695g8) | Bulworth (m.02v8kmz) | CB4 (m.04sbsq) | Catwoman (m.03cd0x) | Cloud Atlas (m.0gh65c5) | Dark Tide (m.0g4fnsc) | Die Another Day (m.014kq6) | Executive Decision (m.0hqrx) | Father Hood (m.0kv750) | Frankie & Alice (m.04yft1h) | Girl 6 (m.04jrzl) | Gothika (m.03cj29) | Introducing Dorothy Dandridge (m.0727__) | Jungle Fever (m.016f62) | Kidnap (m.01265dl4) | Losing Isaiah (m.03qfr0) | Monster's Ball (m.0344gc) | Movie 43 (m.0dlk_qn) | Nappily Ever After (m.02ql071) | New Year's Eve (m.0fphf3v) | Perfect Stranger (m.08bzc3) | Race the Sun (m.0d1s9b) | Robots (m.03mh94) | Solomon & Sheba (m.0d7nyly) | Strictly Business (m.08r9v6) | Swordfish (m.03tv11) | The Call (m.0hz7vs4) | The Flintstones (m.01bn3l) | The Last Boy Scout (m.034fj2) | The Program (m.09fgyt) | The Rich Man's Wife (m.0dgcgl) | The Wedding (m.026s0mx) | Their Eyes Were Watching God (m.07vc1p) | Things We Lost in the Fire (m.02vr9lr) | Tulia (m.0y59lrv) | Welcome to Hollywood (m.0273yvf) | Why Do Fools Fall in Love (m.087kv6) | X-Men (m.0d90m) | X-Men 2 (m.01qb5d) | X-Men: Days of Future Past (m.0r3r5jz) | X-Men: The Last Stand (m.06gb1w),,,,,pending
webqsp_WebQTrn-2112,which country is gaza city located,webqsp,State of Palestine (m.01k0p4),,,,,pending
webqsp_WebQTrn-241,what countries share borders with france,webqsp,Andorra (m.0hg5) | Belgium (m.0154j) | Germany (m.0345h) | Italy (m.03rjj) | Luxembourg (m.04g61) | Monaco (m.04w58) | Spain (m.06mkj) | Switzerland (m.06mzp) | United Kingdom (m.07ssc),,,,,pending
webqsp_WebQTrn-162,what instrument does justin bieber,webqsp,Vocals (m.0290ngj),,,,,pending
webqsp_WebQTrn-3310,what illness did huell howser died of,webqsp,Prostate cancer (m.0m32h),,,,,pending
webqsp_WebQTrn-1751,who created youtube,webqsp,Chad Hurley (m.0fzxmd) | Jawed Karim (m.0fzxjm) | Steve Chen (m.0d36_b),,,,,pending
webqsp_WebQTrn-1323,where was joseph p kennedy born,webqsp,Boston (m.01cx_),,,,,pending
webqsp_WebQTrn-42,what party was andrew jackson,webqsp,Democratic Party (m.0d075m) | Democratic-Republican Party (m.07wf9) | Jacksonian Democratic Party (m.020lwv),,,,,pending
webqsp_WebQTrn-1591,what movies did jj abrams direct,webqsp,Anatomy of Hope (m.05zysr7) | Mission: Impossible III (m.06fqlk) | Star Trek (m.08phg9) | Star Trek Into Darkness (m.0hhqv27) | Star Wars: The Force Awakens (m.0nb2r_p) | Super 8 (m.0bwfwpj),,,,,pending
webqsp_WebQTrn-2672,what kind of currency does jamaica use,webqsp,Jamaican dollar (m.04xc2m),,,,,pending
webqsp_WebQTrn-654,what was the title of the first book dr. seuss wrote,webqsp,The 500 Hats of Bartholomew Cubbins (m.047gx6),,,,,pending
webqsp_WebQTrn-210,what school did william shakespeare attend,webqsp,"King Edward VI School, Stratford-upon-Avon (m.08p297)",,,,,pending
webqsp_WebQTrn-2083,what nation did hitler lead,webqsp,Nazi Germany (m.059z0),,,,,pending
webqsp_WebQTrn-2117,what types of government does china have,webqsp,Communist state (m.01fkst) | Single-party state (m.0py4y) | Socialist state (m.025tbxf),,,,,pending
webqsp_WebQTrn-130,who has been married to julia roberts,webqsp,Daniel Moder (m.07207k8) | Lyle Lovett (m.028hc2),,,,,pending
webqsp_WebQTrn-1037,who is raquel welch 's daughter,webqsp,Tahnee Welch (m.03tgq6),,,,,pending
webqsp_WebQTrn-1743,who is the current leader of cuba today,webqsp,Ra¨²l Castro (m.01gcjq),,,,,pending
webqsp_WebQTrn-1291,what places made up the western roman empire,webqsp,North Africa (m.05g2v) | Western Europe (m.0852h),,,,,pending
webqsp_WebQTrn-2839,what kind of language does switzerland speak,webqsp,French (m.064_8sq) | German Language (m.04306rv) | Italian Language (m.02bjrlw) | Romansh language (m.06ctk),,,,,pending
webqsp_WebQTrn-831,what is the last movie brittany murphy made,webqsp,Something Wicked (m.0ch39jf),,,,,pending
webqsp_WebQTrn-487,what nationality was andy williams,webqsp,United States of America (m.09c7w0),,,,,pending
webqsp_WebQTrn-3567,what did douglas engelbart invent,webqsp,Mouse (m.020lf),,,,,pending
webqsp_WebQTrn-2084,what time is in london heathrow,webqsp,Greenwich Mean Time Zone (m.03bdv),,,,,pending
webqsp_WebQTrn-1417,what bass does jared followill use,webqsp,Bass guitar (m.018vs),,,,,pending
webqsp_WebQTrn-584,where was hackney 2012 held,webqsp,Hackney Marshes (m.031dy5),,,,,pending
webqsp_WebQTrn-1265,who won the nobel peace prize in 2007,webqsp,Al Gore (m.0d05fv) | Intergovernmental Panel on Climate Change (m.03wfs) | Malala Yousafzai (m.0hncyss),,,,,pending
webqsp_WebQTrn-3463,who is the leader of japan right now,webqsp,Akihito (m.0kfzb),,,,,pending
webqsp_WebQTrn-3126,where does the zambezi river begin,webqsp,Mwinilunga (m.07cdmr),,,,,pending
webqsp_WebQTrn-3603,what did frankie lymon die from,webqsp,Heroin overdose (m.02kp1qn),,,,,pending
webqsp_WebQTrn-2124,what did camille grammer do for a living,webqsp,Actor (m.02hrh1q) | Dancer (m.02h6p92) | Film Producer (m.01d_h8) | Model (m.0d1pc) | Screenwriter (m.0dxtg) | TV Personality (m.0dypbr),,,,,pending
webqsp_WebQTrn-1596,what job did martin luther king jr have,webqsp,Civil rights activist (m.010b8yqs) | Clergy (m.0db79) | Humanitarian (m.065qmpf) | Minister (m.0377kt) | Pastor (m.01fhsb) | Writer (m.0cbd2),,,,,pending
webqsp_WebQTrn-1163,in what modern country is the yucatan peninsula located,webqsp,Mexico (m.0b90_r),,,,,pending
webqsp_WebQTrn-3398,where is spain located what continent,webqsp,Europe (m.02j9z),,,,,pending
webqsp_WebQTrn-856,who played alf on the tv show,webqsp,Paul Fusco (m.082765),,,,,pending
webqsp_WebQTrn-430,what disease did helen keller,webqsp,Hearing loss (m.014wq_),,,,,pending
webqsp_WebQTrn-1356,what major airport is near destin florida,webqsp,Destin¨CFort Walton Beach Airport (m.01q6d0),,,,,pending
webqsp_WebQTrn-3458,what are the main imports and exports of afghanistan,webqsp,Carpet and Rug Mills (m.03q9xck) | Fruit and Tree Nut Farming (m.03q9v6s) | Opium (m.05pg4),,,,,pending
webqsp_WebQTrn-175,where does niles crane live,webqsp,Seattle (m.0d9jr),,,,,pending
webqsp_WebQTrn-1621,what movies are directed by steven spielberg,webqsp,1941 (m.04t6fk) | A.I. Artificial Intelligence (m.011xg5) | Always (m.03gtd4) | Amazing Stories: Book One (m.02ww_d1) | Amblin (m.0fgrln) | Amistad (m.0260bz) | Bridge of Spies (m.011v6djn) | Catch Me If You Can (m.01flv_) | Close Encounters of the Third Kind (m.012mrr) | Duel (m.01l5j2) | E.T. the Extra-Terrestrial (m.0jqn5) | Empire of the Sun (m.025rvx0) | Firelight (m.0kv8sl) | Hook (m.0295sy) | Indiana Jones and the Kingdom of the Crystal Skull (m.04mcw4) | Indiana Jones and the Last Crusade (m.0h_b6x1) | Indiana Jones and the Raiders of the Lost Ark (m.0f4yh) | Indiana Jones and the Temple of Doom (m.0k_9j) | Jaws (m.0jyb4) | Jurassic Park (m.0hx4y) | Lincoln (m.0gmgwnv) | Minority Report (m.011wtv) | Munich (m.072x7s) | Robopocalypse (m.0hhghzl) | Savage (m.0fq8jmb) | Saving Private Ryan (m.07024) | Schindler's List (m.0hfzr) | Slipstream (m.02rrfdw) | Something Evil (m.05p8qvv) | The Adventures of Tintin: The Secret of the Unicorn (m.02rb84n) | The Attack of the Mummies (m.02rml0k) | The BFG (m.0130x37n) | The Color Purple (m.08xvpn) | The Lost World: Jurassic Park (m.0315rp) | The Sugarland Express (m.05k8zz) | The Terminal (m.0322yj) | Twilight Zone: The Movie (m.04sh80) | War Horse (m.0cc5qkt) | War of the Worlds (m.02mmwk),,,,,pending
webqsp_WebQTrn-3586,what nestle owns,webqsp,Bottled Water Manufacturing (m.03q9x47) | Bottled and Canned Soft Drinks and Carbonated Waters (m.03qtd9w) | Chocolate and Cocoa Products (m.03qtd7r) | Cookies and Crackers (m.03qtd73) | Food processing (m.02vjn0) | Ice Cream and Frozen Dessert Manufacturing (m.03q9wy3) | Soft Drink Manufacturing (m.03q9x41),,,,,pending
webqsp_WebQTrn-2327,what are the different sports in the philippines,webqsp,Laos FC (m.0ll4ndn) | Philippines men's national volleyball team (m.07k3_n0) | Philippines national football team (m.04k3r_),,,,,pending
webqsp_WebQTrn-933,what do most nigerians speak,webqsp,English Language (m.02h40lc),,,,,pending
webqsp_WebQTrn-1482,where is the capital of canada on the map,webqsp,Ottawa (m.05ksh),,,,,pending
webqsp_WebQTrn-3380,what currency do the ukraine use,webqsp,Ukrainian hryvnia (m.035qkb),,,,,pending
webqsp_WebQTrn-1347,what did gerald ford die of,webqsp,Cardiovascular disease (m.02k6hp),,,,,pending
webqsp_WebQTrn-653,who killed harvey milk,webqsp,Dan White (m.02dzj8),,,,,pending
webqsp_WebQTrn-1117,where did sergio romo go to college,webqsp,University of North Alabama (m.02hscq),,,,,pending
webqsp_WebQTrn-2210,what does canada export and import the most,webqsp,"Aircraft (m.03qtfwz) | Automotive industry (m.015smg) | Bituminous Coal Underground Mining (m.03q9vxr) | Copper Ore and Nickel Ore Mining (m.03q9vzm) | Crude Petroleum and Natural Gas Extraction (m.03q9vwm) | Electric Power Generation (m.03q9w46) | Gold (m.025rs2z) | Iron Ore Mining (m.03q9vy9) | Lumber (m.025tnyc) | Pharmaceutical and Medicine Manufacturing (m.03q9y3r) | Primary Aluminum Production (m.03q9y6g) | Pulp, Paper, and Paperboard Mills (m.03q9xw9) | Vegetable Oil Mills, Except Corn, Cottonseed, and Soybeans (m.03qtd8p) | Wheat Farming (m.03q9v41)",,,,,pending
webqsp_WebQTrn-303,what inspired langston hughes to write poetry,webqsp,Walt Whitman (m.085gk),,,,,pending
webqsp_WebQTrn-1357,what country did vasco da gama came from,webqsp,Portuguese Empire (m.01hk04),,,,,pending
webqsp_WebQTrn-2094,what city did elvis presley grew up in,webqsp,Tupelo (m.0wqwj),,,,,pending
webqsp_WebQTrn-3191,when did herman cain run for president,webqsp,"Herman Cain presidential campaign, 2012 (m.0g5q039)",,,,,pending
webqsp_WebQTrn-3292,what 's sweden 's currency,webqsp,Swedish krona (m.0485n),,,,,pending
webqsp_WebQTrn-30,which wife did king henry behead,webqsp,Anne Boleyn (m.09sxn) | Catherine Howard (m.0crdw),,,,,pending
webqsp_WebQTrn-993,where did lebron james go to highschool,webqsp,St. Vincent¨CSt. Mary High School (m.0gpg1h),,,,,pending
webqsp_WebQTrn-2897,who owns wikimedia foundation,webqsp,Domas Mituzas (m.04dxr5g) | Florence Devouard (m.05qt1k) | Frieda Brioschi (m.03p3t57) | Jan-Bart de Vreede (m.03p3t4c) | Jimmy Wales (m.09w8jl) | Kat Walsh (m.0l8pk60) | Michael Snow (m.04f05ys) | Stuart West (m.04dxr15) | Ting Chen (m.0hznqfp),,,,,pending
webqsp_WebQTrn-2801,who is ellen bernstein,webqsp,Actor (m.02hrh1q) | Minister (m.0377kt) | Model (m.0d1pc) | Voice Actor (m.0np9r),,,,,pending
webqsp_WebQTrn-1185,who did david villa play for,webqsp,Asturias autonomous football team (m.0270my1) | Atl¨¦tico Madrid (m.0lg7v) | FC Barcelona (m.0hvgt) | Melbourne City FC (m.07kbtr4) | New York City FC (m.0t_f17t) | Real Zaragoza (m.0lhp1) | Spain national football team (m.02w64f) | Sporting de Gij¨®n (m.0kr10) | Sporting de Gij¨®n B (m.03wftzq) | Valencia CF (m.080_y),,,,,pending
webqsp_WebQTrn-2253,where is alex rodriguez from,webqsp,Washington Heights (m.018z6h),,,,,pending
webqsp_WebQTrn-955,what year michael jordan came in the nba,webqsp,1984 NBA draft (m.06jncs),,,,,pending
webqsp_WebQTrn-3644,where the murray river located,webqsp,Australia (m.0chghy) | Australian Continent (m.09pkq0),,,,,pending
webqsp_WebQTrn-608,what is shakira 's nationality,webqsp,Colombia (m.01ls2),,,,,pending
webqsp_WebQTrn-2896,what countries are included in the continent of asia,webqsp,Afghanistan (m.0jdd) | Bahrain (m.0161c) | Bangladesh (m.0162b) | Bhutan (m.07bxhl) | Brunei (m.0167v) | Cambodia (m.01xbgx) | China (m.0d05w3) | Hong Kong (m.03h64) | India (m.03rk0) | Indonesia (m.03ryn) | Iran (m.03shp) | Iraq (m.0d05q4) | Israel (m.03spz) | Japan (m.03_3d) | Jordan (m.03__y) | Kazakhstan (m.047lj) | Kuwait (m.047yc) | Kyrgyzstan (m.0jt3tjf) | Laos (m.04hhv) | Lebanon (m.04hqz) | Macau (m.04thp) | Malaysia (m.09pmkv) | Maldives (m.04ty8) | Mongolia (m.04w8f) | Myanmar (m.04xn_) | Nepal (m.016zwt) | North Korea (m.05b7q) | Oman (m.05l8y) | Pakistan (m.05sb1) | Philippines (m.05v8c) | Qatar (m.0697s) | Saudi Arabia (m.01z215) | Singapore (m.06t2t) | South Korea (m.06qd3) | Sri Lanka (m.06m_5) | Syria (m.06vbd) | Taiwan (m.06f32) | Tajikistan (m.07dvs) | Thailand (m.07f1x) | Timor-Leste (m.02lx0) | Turkmenistan (m.01c4pv) | United Arab Emirates (m.0j1z8) | Uzbekistan (m.07t_x) | Vietnam (m.01crd5) | Yemen (m.01z88t),,,,,pending
webqsp_WebQTrn-992,what form of government does brazil have,webqsp,Constitutional republic (m.0c9rw5) | Federal republic (m.0j729) | Presidential system (m.01d9r3),,,,,pending
webqsp_WebQTrn-2700,what currency is used in hungary,webqsp,Hungarian forint (m.01hfll),,,,,pending
webqsp_WebQTrn-990,what state was theodore roosevelt from,webqsp,New York (m.059rby),,,,,pending
webqsp_WebQTrn-723,what did roy rogers die of,webqsp,Heart failure (m.01l2m3),,,,,pending
webqsp_WebQTrn-3534,who was the secretary of state when richard nixon was president,webqsp,Henry Kissinger (m.03k_f) | William P. Rogers (m.023vhj),,,,,pending
webqsp_WebQTrn-1479,what are bridgit mendler 's parents names,webqsp,Harry Mendler (m.0qf8bfs) | Leah Mendler (m.0qf8bm3),,,,,pending
webqsp_WebQTrn-3279,what organization did dr. carter g. woodson found,webqsp,Association for the Study of African American Life and History (m.08lhk3),,,,,pending
webqsp_WebQTrn-1580,where did jane austen grow up,webqsp,Steventon (m.06ybhf),,,,,pending
webqsp_WebQTrn-1222,where to stay in paris france,webqsp,H?tel Ritz Paris (m.056n81) | H?tel de Crillon (m.04fcxl),,,,,pending
webqsp_WebQTrn-1938,what type of government does israel,webqsp,Parliamentary system (m.018wl5),,,,,pending
webqsp_WebQTrn-3700,what kind of political system is canada,webqsp,Constitutional monarchy (m.01q20) | Federal monarchy (m.0g3y9q) | Parliamentary system (m.018wl5),,,,,pending
webqsp_WebQTrn-2898,what war was george washington president during,webqsp,American Revolutionary War (m.0jnh) | Battle of Brandywine (m.014pd3) | Battle of Fort Duquesne (m.06kd6y) | Battle of Fort Necessity (m.05f78h) | Battle of Fort Washington (m.0b364c) | Battle of Germantown (m.020_gf) | Battle of Harlem Heights (m.02fnwp) | Battle of Jumonville Glen (m.066xwk) | Battle of Long Island (m.01g09p) | Battle of Monmouth (m.01k0s4) | Battle of Pell's Point (m.04m2k9) | Battle of Princeton (m.01g0dx) | Battle of Trenton (m.01hgpt) | Battle of White Marsh (m.0h42fq) | Battle of White Plains (m.0247w9) | Battle of the Assunpink Creek (m.07h0q2) | Battle of the Clouds (m.02pjz77) | Battle of the Monongahela (m.05b6mx0) | Boston campaign (m.062pq1) | Braddock Expedition (m.01gphc) | Fortification of Dorchester Heights (m.08knpp) | French and Indian War (m.09r3f) | Landing at Kip's Bay (m.02g1n3) | New York and New Jersey campaign (m.02fmsl) | Philadelphia campaign (m.0bxl0n) | Quasi-War (m.06bjm) | Siege of Boston (m.01jnys) | Siege of Yorktown (m.014s1b) | Treaty of Alliance (m.01bh42) | Yorktown campaign (m.0drwsm9),,,,,pending
webqsp_WebQTrn-144,who is the president of the european union 2011,webqsp,Jerzy Buzek (m.036y38),,,,,pending
webqsp_WebQTrn-3722,what form of government is israel,webqsp,Parliamentary system (m.018wl5),,,,,pending
webqsp_WebQTrn-1388,where was selena gomez really born,webqsp,Grand Prairie (m.013mbz),,,,,pending
webqsp_WebQTrn-998,who was arthur miller father,webqsp,Isidore Miller (m.0j72h2b),,,,,pending
webqsp_WebQTrn-2891,what art movement was pablo picasso part of,webqsp,Analytic cubism (m.070vcg) | Cubism (m.09ff3) | Modern art (m.015r61) | Picasso's African Period (m.07hm5p) | Picasso's Blue Period (m.072333) | Picasso's Rose Period (m.071bmq) | Surrealism (m.073_6) | Synthetic cubism (m.07pcpz),,,,,pending
webqsp_WebQTrn-1193,who founded the sisters of saint joseph,webqsp,Julian Tenison-Woods (m.06jc3_) | Mary MacKillop (m.06jb6m),,,,,pending
